TCS.NS,INFY.NS,RELIANCE.NS
0.20420087567805623,0.14028430429984795,0.3103102614976642
0.20420087567805623,0.14028430429984795,0.3103102614976642
0.20025986951822994,0.1388508006270513,0.3230590429178925
0.21729128597502656,0.14638503033431682,0.3239768588030513
0.2172122108795762,0.14161768815090908,0.30629220283900266
0.21935128206957044,0.13431685034596752,0.31775126377345647
0.2389175383226385,0.12784936560784665,0.31207130930622057
0.2227178705615943,0.13408355316438308,0.3293591542287025
0.22240106472818866,0.14115109378774027,0.3291854182669591
0.21321189839816201,0.1647539391987573,0.3272259310973464
0.21976681944971033,0.1661541958919615,0.32013240074504096
0.22768870628482452,0.16075340876261562,0.31737915613120266
0.23240215481881554,0.16038679214007306,0.32434876340366686
0.2245991052720342,0.1609535536853472,0.3457290479049335
0.20529012388562662,0.16135360672896132,0.3215956541509207
0.20556744833259655,0.15738641799315173,0.3223646405152872
0.21976681944971033,0.16252037679910208,0.32209175255356165
0.21542021645796472,0.17195484662344246,0.3188674513391256
0.21242283228234027,0.17088810165429774,0.31623833284676667
0.2068055239570301,0.16778770240638036,0.30879739825152047
0.21256194379614035,0.16772106636608614,0.29153445976998976
0.20098985395762148,0.17552202967600766,0.2955525184286513
0.1943404134560427,0.16952123402179525,0.27764478738477943
0.17099775978232779,0.1663542460939535,0.26172131459037923
0.18030699894905378,0.16065347838235916,0.2487493227292356
0.18239108823674277,0.1742885288448332,0.26903812306414604
0.19779416426918806,0.17208821342477038,0.2800010179154128
0.19056912671272974,0.16328714118599835,0.2846144623377896
0.19382417888404035,0.16725418784069862,0.2726346672819279
0.20390732061845485,0.16452068937754266,0.2736018899657127
0.20051310077205475,0.1647539391987573,0.28210933460581783
0.20740117059221896,0.16975457856374937,0.2908152186069794
0.21581716445131904,0.17722221959109058,0.29272496057523595
0.21274070518024435,0.1733551506770165,0.29939704416720764
0.22030293511815402,0.17535541589508735,0.29475889634551783
0.22526506584153005,0.1808226496232483,0.28937660091986667
0.2175637805511096,0.18268959540036084,0.30743316148453087
0.20186288120106977,0.18038934960004166,0.2985785833236691
0.1854081850249404,0.17962253785277554,0.2782400377874025
0.20160510088280492,0.1813227751282282,0.2640775451210126
0.18868328677656032,0.17088810165429774,0.25197369162421773
0.18149784292911675,0.16762108862545994,0.24912136269094337
0.13967582243574994,0.13685044068824087,0.2205482604762971
0.14013241371842833,0.14308462824477736,0.2143475042071074
0.15398706684131325,0.1470517696202172,0.22759238402997656
0.17264519504506914,0.15488607463047072,0.22602977558247656
0.18925899615401875,0.15211913974624308,0.2118672152355407
0.1858450075337561,0.14168446627231263,0.19195038718179186
0.12863973594309597,0.11868158202579243,0.11414341013642743
0.12123604932511256,0.10637991541437958,0.1336881982284685
0.04825069096638357,0.06984205316675113,0.0887699057369043
0.06272092798218831,0.07727635249376025,0.10975327767578508
0.019092591938417502,0.037804704779134946,0.06530627866672983
0.0038485085162136556,0.019002330130193645,0.06148662552885159
0.0024192598627227335,0.00523396022676148,0.04189229527709243
0.0,0.012734895594064821,0.016692391478220603
0.06442104253437031,0.03917154873145251,0.06642243239212592
0.01333605977672847,0.0,0.0
0.026712274875365427,0.042238511558298275,0.029441139058175858
0.04556657446293377,0.05317338157776336,0.09831905550173642
0.06182184190046658,0.0777097472377064,0.09035731910453632
0.07523793151456493,0.08417723197582727,0.09005969390322471
0.05684331208059101,0.06684167901982979,0.07262322250158876
0.07587766476191904,0.07670954358811632,0.11394503845591714
0.02895148164432837,0.05090633539666678,0.09742621373807475
0.007137931396626218,0.03950496573477247,0.09593795237042485
0.0555236902639743,0.0750426953733655,0.1597561727111429
0.02763169134384358,0.07010873940903728,0.15283603991785072
0.05190476909875563,0.07320909129658482,0.16662656030307893
0.049145564951401655,0.07397599776459057,0.15134794775156596
0.03950840001597222,0.07507613179443706,0.13185276949978902
0.0318706331438432,0.06494143890275494,0.14088101594184804
0.06792011550804711,0.06820849929196249,0.1686355896324097
0.07289847684405448,0.08457728501944145,0.17845752583814828
0.04050807096697773,0.07117557909892158,0.1752579957035713
0.05324444049568178,0.07694298285081008,0.23788544451685883
0.09673164321923478,0.10191279061506914,0.24150682749504587
0.07285860232859309,0.08771097860732097,0.26437520416259724
0.08007650740129979,0.09211146736633719,0.2706999511921742
0.08905394567035485,0.0895112883441394,0.26990632910904083
0.1076884861325702,0.10007918653828851,0.2693109433453255
0.15119562611385384,0.1260491505917678,0.2886821308367153
0.11760555893428115,0.09817899378158346,0.2734034506046564
0.11852525620920618,0.09817899378158346,0.2860281735839512
0.1068686997914563,0.0929783042145993,0.2860778511047614
0.10209016032307117,0.09234490662903094,0.30899576993203076
0.10278992998877501,0.09851241078490341,0.33620477074077953
0.11954492057923183,0.10431301415601452,0.3436455699749335
0.12522338854867943,0.10748014416496565,0.2952548593870667
0.12528314416058217,0.11181399688368765,0.3108236861200973
0.1063688081546641,0.08781100370831696,0.2805275725637821
0.10259005195986326,0.08391049837317127,0.29227055338896973
0.12366373338124259,0.09164482564279863,0.28293131483775164
0.12488338810275879,0.09477856659104794,0.2669819880747554
0.12686268042446025,0.09541186945587671,0.2794008945134732
0.14189840546305565,0.09717879013199338,0.28318166517763826
0.15355490571951624,0.11061379039247538,0.2783243000672508
0.1226240755921969,0.10274619104225968,0.2745685035245829
0.14753688659446307,0.11934827395132303,0.2853349217506291
0.1471367374076139,0.1206484581831615,0.29870528130589885
0.13436054952473786,0.11598521409255164,0.29477432751002025
0.16351202152055677,0.12176355808986156,0.32279197548312827
0.16427177144332095,0.12754185472680168,0.3304786581411288
0.16627723492587465,0.12311527040403131,0.3334582265010014
0.18448511807265222,0.12730528967970184,0.3525622111965349
0.1671193172988733,0.12446693535783127,0.353513664313087
0.17654424872172692,0.13615864776672176,0.34740441214217427
0.17666437771971577,0.1339622158969817,0.33120473503929143
0.19138312844103733,0.13277953274259163,0.3487314246088293
0.1748997900073228,0.12473726834859128,0.33148019486176744
0.16361007913181835,0.11669486187348149,0.3570690587588627
0.15975982961563384,0.1136536157274316,0.3699637594364024
0.1661367755411295,0.1228787053569314,0.3715410545623981
0.16693887107608796,0.12453447124515149,0.37036436058854866
0.16304852239928436,0.13146173045319137,0.3906701487405209
0.16565547329112285,0.12581855295126143,0.44249916642947457
0.1589777836609848,0.1245682865491814,0.43586403641565324
0.16192563357937406,0.13602352863171158,0.42321982143909215
0.16469298111368846,0.13163061753186167,0.4267000227981919
0.15422530303087312,0.12240557526273166,0.42171744867758815
0.19543409840547432,0.15464259496938154,0.43361061263448936
0.18853580723064245,0.14352517440456175,0.4243464994894011
0.18071517920028457,0.14636357608680206,0.41480692652183687
0.18468561387574733,0.14362657295628162,0.4315824973911688
0.21079460418056772,0.160319445694232,0.4465620972901759
0.22783944318552674,0.1644421185240615,0.46041413929177527
0.25332661569430603,0.165320558662922,0.4925431097160196
0.2560137087460931,0.18569674208016212,0.4782887068680763
0.23555971099175832,0.1725519661657518,0.4654926167461501
0.22972444070235531,0.17728274614368184,0.4786909323533281
0.236943525162139,0.17738404997466223,0.5057416283648357
0.23600102640372478,0.18765660890280228,0.534376184515307
0.2167302346940969,0.17833026280269199,0.5253256711735932
0.24157593295555135,0.21056718778860223,0.4886212927938594
0.24392706917425322,0.26466712764093264,0.4883196406000571
0.23026044404822033,0.2593618663774527,0.5226608850334591
0.23313461035493988,0.280413834911223,0.526783713177426
0.24002812782017424,0.2820696481598128,0.5527533478266711
0.22632145969481166,0.2693303243711727,0.5690693001076899
0.21838266831159336,0.2626057201854632,0.5961199284386514
0.21283578624316846,0.27267562409127294,0.6405422578886666
0.2326923963623434,0.28997679341880306,0.6455954228188141
0.274074000024374,0.29970863900505335,0.6564055626776171
0.2605279531866448,0.29382899117676314,0.615653684601684
0.26191468774407345,0.2987625208977632,0.6217877755330021
0.2626784251183838,0.3018375823478429,0.6007959773661364
0.2517250642049901,0.29568760152879275,0.5715832939911958
0.24993627097687343,0.29092291152609323,0.642779776741506
0.25387564845930766,0.28744244531061297,0.6306370746112706
0.2734108475193474,0.30511525145988344,0.6344835630856631
0.26828590521805207,0.29163251194665324,0.640693117825841
0.2632412735605735,0.2919366602414431,0.6273186974378073
0.2620755898381538,0.28997679341880306,0.6343327031484889
0.25301143853829233,0.2943696097979133,0.631215269516286
0.2518457548158727,0.2918353564104628,0.6284248682826592
0.24690193267283533,0.2934572596342832,0.6242767276144647
0.25142370272616443,0.29609300629419316,0.6129888984615501
0.2579957529709742,0.3028851463672228,0.626664971043386
0.2527097400917304,0.29730950475261314,0.6332014228210476
0.25120270805244493,0.2945048236536631,0.615854763504037
0.24949428162943432,0.29021335846590285,0.6082122762426156
0.24929333653602448,0.28926719299824294,0.6152011724707078
0.2471026531210878,0.28298195096307316,0.6083379590166547
0.2514639142093622,0.291564976059333,0.636092532707216
0.24941385866303878,0.2890305805907732,0.6226677579929116
0.2454545439228739,0.2810558994444629,0.6254583622681769
0.25297139553896275,0.27656163715326293,0.6076340136570544
0.24859014103166832,0.2667959289026129,0.6109274167090204
0.2561466425180611,0.2734529024802626,0.6315170570711806
0.26995372702883924,0.28125860182716306,0.6234219899982365
0.2656530078105189,0.27017518600785234,0.6058994289420085
0.28102805935956243,0.2741624555404529,0.6086145017278675
0.28952913757207666,0.2837929972957229,0.6209079961147306
0.2812691597748809,0.27598720322808284,0.6481848128306342
0.28267577542875066,0.28429980061284316,0.724937326968339
0.2999399804300371,0.2881182304271432,0.7278283691739613
0.3470896293180801,0.31021781034066315,0.7191802843591375
0.3470896293180801,0.3129548608315534,0.727375992404077
0.3517523642077587,0.3259983329149834,0.7302418574465639
0.3348500625552522,0.3322497596461233,0.7172695271826899
0.33040826617800356,0.3262686659057434,0.7207640091370091
0.33659881278403925,0.3315063439215333,0.6956993987497169
0.3597716347186619,0.32988425125623383,0.6732243814158829
0.3374626857373182,0.3381631280577038,0.6831043198495976
0.28311804558263653,0.30819040763070277,0.6581654599168905
0.31931472668631145,0.3325538605805434,0.668472868679538
0.3209223997561701,0.3318442601599833,0.6757885942645678
0.34588373411246254,0.3308980946923234,0.6902691178169071
0.3474511956991235,0.3303911966544634,0.6848893265714602
0.3599722428443357,0.33674397457695343,0.6803137832548787
0.43326946484300466,0.35772840722340354,0.6737521543140814
0.4366859807212895,0.3624930025053636,0.6728220205695392
0.44538850947881814,0.3697918511747739,0.696529162244448
0.4814640506812955,0.38814048980094445,0.6873528984481494
0.47633910838000015,0.39699394260870385,0.6844367467599377
0.4831928074910623,0.4140922674724243,0.6862467952838436
0.48180596061105496,0.4314611621287539,0.7081941074000251
0.47980785425741046,0.41740389396960415,0.7116131932260301
0.45195432582050654,0.3979739233803938,0.6708862215910485
0.4611176017961278,0.4109835801597939,0.6554502517699394
0.440227736274897,0.4099021534760143,0.6556513983528383
0.45130847099260984,0.41774176284768433,0.6454446982427322
0.4256350114869494,0.42507452154186415,0.6297070085472747
0.4239190594511615,0.4120310494584341,0.6208324646253243
0.43023686753893764,0.4157538113257588,0.6238995439312562
0.43080207475528143,0.40888887836436233,0.5816895561709448
0.4073687767605034,0.3941341340393186,0.5844046966373495
0.404159720685197,0.3843660577701791,0.5728150799295404
0.40837799513070383,0.3832048288633037,0.5805833176455468
0.4213761885905083,0.3734707099793034,0.5944607398519197
0.39705498061059563,0.38146296182280587,0.5054399761710333
0.4087613520920277,0.37480286246074995,0.4918392320369655
0.41665324879861165,0.3962516161726191,0.5234150493582379
0.42979263173992344,0.403116691215125,0.5444320246882388
0.43857266307679965,0.409093711963703,0.5817146656535339
0.44630303991512,0.42535129554291556,0.5925499826754723
0.41522012501615335,0.39427081606653197,0.6095698126355451
0.430640442564439,0.4157538113257588,0.5656501466011388
0.4238790726131214,0.4125091997518317,0.557002061786315
0.41814691445102414,0.4169151349533738,0.565247921115887
0.4235963566823706,0.42323362396813596,0.5682144948109156
0.4218605235501416,0.41657352460608016,0.5636641963380153
0.40595587104222264,0.40759101479064336,0.560622226514673
0.41009372252133414,0.39816431206694863,0.5535577987971747
0.4195190470732133,0.4026727824690855,0.5165267264215951
0.4453543634148738,0.4276053649826898,0.5422700373248059
0.4444663411071603,0.42774190492879355,0.5489823908416851
0.43609022176352186,0.4110748435923786,0.540811859959881
0.4438809158266388,0.4094010334032688,0.5432253482324836
0.4273504019098433,0.40038432940084395,0.5317615496598054
0.4463839121718307,0.42623920775573415,0.5443818057230603
0.4555671815664719,0.4283227798642652,0.5460158848272025
0.4393799254503812,0.4184519789530517,0.5489823908416851
0.44668650919902264,0.42405338460882697,0.5402840193811365
0.4507836999046213,0.4300987463710117,0.5460409943097919
0.4748425223405397,0.43682694994482524,0.563915629566639
0.48029218921704375,0.4517524757633307,0.580608494808682
0.4695949237832333,0.44666350930868065,0.5705776287572475
0.4693123201750615,0.44355548504122716,0.5699743243696429
0.47500392988622453,0.44447754408066414,0.5626837082672023
0.46041109277569814,0.43768099949324407,0.5541612385458714
0.4816645464843903,0.4452630631739973,0.5552673417101772
0.4913529305157365,0.4408232179476856,0.5598177755441693
0.5005567549422918,0.46172562243365994,0.5628093910412411
0.48406634018611516,0.45318692664352317,0.5367392507810929
0.5051988224774777,0.482696320572871,0.5352308544509892
0.5198319833937806,0.5049306880988127,0.5388258420162115
0.5200739262284397,0.4933184937507992,0.564116776149538
0.5281675542864852,0.4962214949774328,0.5687172935876168
0.5286116777629206,0.5030522811122109,0.5620552943970085
0.5200539328094196,0.5006615296452235,0.5647954089849105
0.5012627023498277,0.5068093792476331,0.5596669832875412
0.5277035497136082,0.5099856498079536,0.560773086451847
0.5725914711556459,0.5289753583995984,0.5624574522017141
0.594208288406642,0.5327665560012693,0.5500130978776769
0.5774560497193648,0.524774493599246,0.5239429576175283
0.569907186168328,0.5111468313544592,0.5223843423222461
0.6054705364116384,0.5452671361657992,0.5337224581208855
0.6278947283587948,0.5890528399645745,0.515395310733062
0.6272486488857403,0.5860131567107276,0.5454628670853228
0.6208305367351274,0.5965326526069514,0.5362867386501162
0.66036437781519,0.5851594386848973,0.5472478061266393
0.6533474739971825,0.5677062899307117,0.5356079027731055
0.6486557598821825,0.5452328472580714,0.5589881474105305
0.6644086645861904,0.5483751130728829,0.5753040320110032
0.6838621489701788,0.5639493812367686,0.5945612454628231
0.6697270263681185,0.5641204468924492,0.6170363981577491
0.6815574019765067,0.5649057765443033,0.591996897253046
0.6767847032822174,0.5541472055013805,0.537392841814422
0.6645504156805915,0.5376847409624574,0.5142640980861668
0.6384639460528132,0.5207442208508763,0.5049873963595108
0.6040058499845473,0.4953675875101233,0.4875905180773216
0.6153298754078644,0.5102930186078893,0.514414958023341
0.6412546005222213,0.5173629746101058,0.5297503545530007
0.6398795475129844,0.5265165027208532,0.5321889523081926
0.6351881703657207,0.5228959918919047,0.5289961225476758
0.622852567798049,0.5179436127437282,0.5287195121559167
0.6455619467726887,0.5394266553633251,0.5426471533274684
0.630516786637477,0.5407928125902808,0.5450102872738003
0.6452381207781102,0.5346107688008828,0.554136061382736
0.6422859464404385,0.5319810369079361,0.5950640442395243
0.6361384193820696,0.543696097979133,0.5879745070394364
0.6155320560496407,0.5435935154181684,0.5834493180491258
0.6029742794211725,0.5304440981875187,0.5969747337354256
0.5885357735338688,0.5242280496526117,0.6089162216022159
0.5821661847372823,0.5318443548807228,0.6010976295599386
0.588030209606849,0.5310590252288689,0.6074329347547014
0.5421668788908189,0.5132301193007716,0.5711306464991273
0.5509634216467736,0.5140158278355837,0.578848732930501
0.5379809533479962,0.5194464519978972,0.5977288980602047
0.5570704002542084,0.5196172334913591,0.639637233626714
0.5162219357122844,0.5051015643130141,0.6101983618668312
0.5283146968646668,0.5144599733834723,0.6181928556483256
0.5615396033406757,0.5400757765916635,0.6203549106923045
0.5828738169834997,0.5667500840646564,0.6686739475818908
0.5790722593052096,0.5577333327018617,0.6554754966136207
0.5622270175227153,0.5484092125391316,0.6569083614543183
0.5617822201108074,0.5614222319047868,0.6631432287187236
0.5795773739419143,0.568116430733091,0.6631179838750423
0.5876662844516516,0.5835541115905032,0.6585425759195527
0.5824086891848352,0.5881308282855073,0.6362433249638442
0.585725013322862,0.5872768260974581,0.6218130203766834
0.6034796187030347,0.5943810710074025,0.6176397702258998
0.6046524910704953,0.596430259487466,0.5948880748197607
0.5737334548139463,0.5623442435838539,0.5716335806369206
0.5792742153018284,0.5673650111060067,0.6082876046903838
0.6114068970219297,0.5853643196446077,0.5984327757392587
0.6166444988697259,0.5858764746835143,0.6110530318025131
0.6079489341120807,0.5737175522266478,0.5908405074430159
0.5851992313316645,0.5600900794233401,0.5627591720760625
0.5859878481571712,0.5617294112632432,0.5643681416976156
0.6230954092133381,0.5952691726617001,0.581790129462394
0.630901042179431,0.5834858179372664,0.5686166526156213
0.6257036518148325,0.5952008790084633,0.5780442819599974
0.655591903766058,0.6120728213045887,0.563337434661624
0.6660265590107166,0.6128585298394009,0.5591641845108402
0.668736453545993,0.6259394639753346,0.5684909698415825
0.6873201118800278,0.6325311749634142,0.5697480006236084
0.6893022684274879,0.6333511724059542,0.5580327688223068
0.6586860538432884,0.6228997807214878,0.5223843423222461
0.6010532263565604,0.6033634387417297,0.5327672148937539
0.6475233236430773,0.5784990551606226,0.539052165762246
0.6378976156106819,0.5737175522266478,0.532917939469836
0.6244098080300422,0.5797288145225838,0.5176326942248088
0.6174331156952326,0.5720783151074844,0.5173563545552342
0.6070187908373306,0.5719074388932828,0.5199959635322329
0.6032575569648171,0.5600900794233401,0.5189653918573331
0.5997390521850139,0.5667500840646564,0.5358090493560044
0.612357483006015,0.570131330305427,0.5613513490374085
0.6091624672530542,0.5752544909470654,0.5657005009274096
0.6055828589904031,0.5754936608145036,0.5791503851243032
0.5733894107551902,0.5741274088668085,0.5642926102082093
0.573935523133144,0.5725564654008819,0.5464684646387252
0.5790921404016509,0.5570844956357419,0.5251244569101483
0.5976761357034222,0.5653499220921916,0.5268843541494215
0.6040461737903238,0.5790796932942452,0.532364921727956
0.6127212958386339,0.5728981231085453,0.5327419700500724
0.617817146592029,0.5640179590522243,0.5299514334553534
0.6085553637148311,0.5579383083823117,0.5334459154096727
0.5944003600163295,0.5554450690750994,0.5233899398756485
0.5798002219381835,0.548204331579421,0.5355325066447914
0.587181163233967,0.5570844956357419,0.5471220556720544
0.5948853689114353,0.5643250436899412,0.5609993425173354
0.5921350382478037,0.5622758552098774,0.5655748181533709
0.5832377421386972,0.5638469881172832,0.5597172022527199
0.5915288332902109,0.5742298967070334,0.5683402452655004
0.5919330822511848,0.5698240562262309,0.5598427496656666
0.6112380761860463,0.5790796932942452,0.5485298787107087
0.62932358388326,0.6034319218364457,0.5519991835018923
0.6380616065756783,0.6068473622642045,0.5550412210057809
0.6232679366943206,0.6087600581585342,0.614723550857142
0.6295876542659358,0.6113146765049942,0.6476569045713436
0.6270883645658432,0.6067922347937693,0.6519810146593017
0.6175172453067275,0.6008886699787352,0.6682465449335038
0.6223129701296635,0.60848385248192,0.6724700817300122
0.6233288155320111,0.6057218904365205,0.6628415088443753
0.6393621897151942,0.60848385248192,0.6813947092560491
0.6462509334708311,0.624571507054327,0.674958966130929
0.6462914819217651,0.626193978602585,0.6550480262846876
0.6530178072285082,0.6324082274434399,0.6590704164982972
0.6761837774858264,0.6480125220817723,0.6781092925085181
0.6772198409523518,0.6583003310489848,0.6941288039977815
0.6716927838190789,0.6666547950006394,0.6967019506785463
0.676407299417568,0.6712808612009642,0.6773271761182156
0.6940458755738772,0.6814306620506094,0.6793706548454923
0.685734454035607,0.6869543019791899,0.6844161718739346
0.6758991520712367,0.6848829488460646,0.690268914775269
0.6873193256219765,0.6928575826320051,0.6844666615612975
0.671143863376656,0.6868507722108295,0.6741737364355072
0.7167441346132191,0.7255507300601003,0.6480127012019963
0.7196702501126173,0.7359076851672057,0.6232642943259101
0.7017676035736327,0.7342506405490015,0.6139553766593282
0.7034342459973428,0.7282091623371396,0.6148635819069461
0.7054253883511039,0.7404646999483773,0.6263925568454829
0.703698091734861,0.7263794418106817,0.6199847657858868
0.697174957973103,0.7314887732243414,0.6356763650294754
0.6953664521324132,0.7391872960544077,0.6463476920883031
0.6715101473060074,0.7276222726347048,0.6335319746080188
0.6766511517360663,0.7292793172529091,0.6260898894434896
0.6699652625576784,0.7266210744173491,0.6172853948867145
0.6495021105131744,0.7281056325687791,0.6064879789705715
0.6433856968091234,0.7177141043917272,0.6129966817243473
0.6411303717501076,0.7157118973984948,0.6208677261898232
0.6521033891147852,0.7377720734843498,0.6139553766593282
0.6502296238558332,0.7404646999483773,0.6121137890009569
0.6469101546856009,0.7229616333644333,0.6272755849299654
0.6427556794648324,0.7134679630778558,0.6204893919373315
0.651390365384787,0.7192334250545829,0.6178907973712469
0.6556877149257443,0.7469551544658461,0.6314633187176064
0.654262229078642,0.7471276409326204,0.6238950770152161
0.6480303477636209,0.7564143464032167,0.6093387512512864
0.6420836534760834,0.7554821996050145,0.5983141994225565
0.6481319996974029,0.7575881258080863,0.5894088608521475
0.6473174363562015,0.7654593245464061,0.5974312390186198
0.6357704506140367,0.7609714559051277,0.5883745667472144
0.6569300026468816,0.7755056903484303,0.6071439388230129
0.6836082999421706,0.7918349775275046,0.6148383370632646
0.679148419629741,0.7877265601689818,0.6229112049170997
0.6832215733034839,0.790695676471842,0.6383000690781493
0.6937502425465685,0.7883825012905701,0.6154942969157062
0.6990043558134431,0.7974275741544989,0.6094900849522831
0.7035664496725489,0.8070595367208628,0.6149896707642613
0.7077613610216726,0.8072665015368441,0.6297478875970965
0.7108368655508279,0.8155864871392917,0.6263169576755305
0.7563123464023835,0.8311908764983638,0.6440519002853038
0.760202077305004,0.8258055288495694,0.658103735258881
0.7928272935329883,0.8515249565468608,0.6534366878440223
0.7958821307076507,0.8458632137799733,0.6576749113190266
0.7954544063277149,0.8455179566842057,0.6453638199901868
0.8271834006997361,0.8495225601121494,0.6524779929090414
0.8173266451228216,0.8371633980118116,0.663250231662049
0.8359812913266358,0.8473131988614568,0.6727862852412181
0.8412151865293329,0.8418929939804971,0.686837984853703
0.8608878122644912,0.8288435071301037,0.6852990645973249
0.85321022703819,0.8214209058144326,0.7069192766343846
0.8878922943285128,0.8272209408611062,0.7008142206573276
0.8587697453967258,0.8074046990958905,0.7053300020517357
0.9083798203726088,0.8152414194850033,0.7191042114253627
0.9105384356913082,0.8232161479916835,0.7665826559328479
0.914591146655716,0.8437571928561618,0.7853016060018296
0.8998872225147914,0.8273589489786737,0.7930212490857627
0.8828823703478725,0.8181067218572844,0.7882026649282692
0.8899084846173386,0.8169676102431007,0.7853016060018296
0.9118825999913849,0.817174575059082,0.7580305421323412
0.9283987366180986,0.8132045447010849,0.756466444712828
0.9563605440209315,0.8306729434943427,0.7614360918491336
0.9354859543704126,0.8243208759773997,0.7866132549845284
0.9047546091429792,0.8167604559856403,0.767616950037781
0.9029829451081242,0.8143782293852151,0.7695342045466504
0.919050914645567,0.8355062586728677,0.7747563001197708
0.9187252914897281,0.8344361037570982,0.7877738409884147
0.9216169239574457,0.8521464193192421,0.8177441403959833
0.9224520423305609,0.8668530455085794,0.8141113194055116
0.9084610295970557,0.8373704575485326,0.8351764832843094
0.8849188910234547,0.8138604858226732,0.8470841985586142
0.890112125452639,0.8174163971072286,0.8368920497659116
0.8834526320802607,0.8056440299885861,0.8325527792356355
0.8649811840024118,0.7987047886069896,0.8347981490318179
0.8825363044826986,0.8080950238459461,0.8511708852909836
0.906974664912263,0.8177960378314635,0.8779374583701192
0.897850814161788,0.804504634212184,0.8530377854735822
0.9312499329574608,0.8165532070074404,0.8593698420021341
0.9486620667949803,0.8392346564241975,0.9092449900067983
0.8468155903065391,0.8165187286582334,0.8998601347675337
0.8334762731750263,0.8125140305095502,0.9075041110009685
0.83443337386868,0.8291195233652384,0.9212027888851895
0.8194365124423371,0.8336421545179424,0.9239526494717245
0.8340048632306927,0.8863930815971812,0.9275853351011041
0.8286999801582164,0.9071068970906524,0.9398207595794452
0.8183752887181686,0.893435663305659,0.9239526494717245
0.7872179039494809,0.8598103690793617,0.8846479845122546
0.7734860194051856,0.8364385001918095,0.8871202194988397
0.7710778233164712,0.827980411751055,0.8742036580049217
0.7668544943549198,0.8357472282343581,0.9040985612841761
0.769772073338332,0.8533356382046631,0.8871202194988397
0.7419815578681153,0.8358865624422795,0.8725890708980453
0.732228251386243,0.8107053379872791,0.841130476282554
0.7643240913005096,0.8332048288633038,0.8419124573117647
0.767507425505279,0.8317070098083326,0.8232438615690536
0.7707924116438303,0.8349114124283084,0.8145655912306857
0.7774849278543652,0.8392300151079579,0.8222600571514835
0.7750774057011234,0.8592913941472056,0.8238241545709968
0.7762811667777443,0.8627743704622846,0.8337891674511124
0.7675483109239492,0.861137406640871,0.8480173779277294
0.7691398095424657,0.8563658493845521,0.8503635917375454
0.7845855119935523,0.8890352219070126,0.8698141685094669
0.7957062335493053,0.8938764936276622,0.8620945254255339
0.7969709857861955,0.897463852197758,0.8318719129422429
0.7828922491186749,0.8940854475791746,0.8046762452010685
0.7640385673052899,0.8884781692375454,0.8093686728207008
0.7569787562621944,0.8745463586979687,0.7540949183787842
0.7593659480286798,0.8588735809649202,0.7652454237037374
0.7508165149460073,0.8303835716349273,0.7478637058638662
0.7518774017024397,0.8487730348998566,0.8192830606523613
0.7522652515669139,0.827353455175778,0.7787424135606908
0.7747711020288321,0.8306271933771259,0.7933239164877559
0.7858507135207573,0.8419815578720038,0.7751095925702192
0.805704066285148,0.8435489019498263,0.8061901236554032
0.8322708272597239,0.8667798263768844,0.8141871216171022
0.8312708193409821,0.8579331934623746,0.7765473980907791
0.7888095148905763,0.8298958545468322,0.753514625376841
0.8084384471425949,0.841284981553136,0.763227325181234
0.8257411787883977,0.8703323277148147,0.7815174513103613
0.8154780401215127,0.8773676159263453,0.8008670487075571
0.8297813096239839,0.8744419764429521,0.802128343363985
0.8187014734869011,0.8642720000757766,0.7772539829916758
0.8244762019063501,0.8694964171880255,0.762369541940433
0.8026639433683036,0.8569926165183499,0.7588630128489149
0.8072550164527306,0.8830447034530446,0.7743526533430518
0.8083771190145894,0.9173511345176584,0.7423388075276605
0.7971753005569684,0.9020613127347299,0.7105014725764012
0.818150755883218,0.9109076614870208,0.7276059708995986
0.8273124593427366,0.9200328680966341,0.7552805461847139
0.8403506396405813,0.9429502668756837,0.7548518576059515
0.8436972908748743,0.9470601050453002,0.7586611894605553
0.8539807599285156,0.9489061175389657,0.7573745822798996
0.858245086631316,0.9641263195783032,0.7715776155933811
0.8534094872929185,0.9624197360132989,0.7736463391643396
0.8693453654777341,0.9675046294761469,0.7517488399300603
0.8712226127366278,0.9639521281382166,0.7563148402896469
0.9036246440006068,0.9714054189735113,0.7743274761799164
0.9309664307686587,0.9718930413408668,0.8016993840630384
0.9212537850602995,0.9339296319625663,0.8075019079991941
0.8994211961354968,0.915226643049629,0.780710022395831
0.9182133251757187,0.9127885312128516,0.7905488787380854
0.9289668642214903,0.9381787096193648,0.791557995679883
0.9436782016526133,0.9415572089586877,0.8004130476045672
0.9208254990674698,0.956777221556546,0.8334863646880271
0.9363326419691407,0.9702561722401928,0.8406510272942445
0.9650008460698245,0.9929295703940857,0.8425176567546588
0.985813209011708,1.0,0.849203005733659
0.9741624372067643,0.9869392413815967,0.833839386416291
0.9459753107109294,0.9495329793935032,0.8337385424026573
0.9099598620880913,0.9193363864985058,0.8114625735547945
0.9128011740405222,0.8928664863815257,0.811664261582062
0.8873939190465341,0.8588039612213292,0.7612344038218664
0.8868009681532354,0.8485990329012489,0.7588881900120501
0.8374787759467264,0.8182630110775906,0.7411531797217308
0.8541581172803852,0.8235569532126907,0.7400179062420718
0.8730445972867695,0.8583859585975648,0.7656240286784131
0.8993717742008402,0.8833582291010529,0.7616380505985854
0.9220804792400075,0.8938418258369762,0.7640849730609431
0.9091625964240198,0.8600229224189784,0.7485447075183509
0.905197160103312,0.8617991257275737,0.7377221821196187
0.8905208673167635,0.8436184269726779,0.7305575195134013
0.8759880104632976,0.8452206282826658,0.7502097843125901
0.882978630797874,0.8591520599392841,0.7640597958978077
0.8869850648598308,0.8816514560945692,0.7628238137656072
0.8561611658274952,0.8480417907903026,0.7604775999557911
0.8720227987877474,0.8207707426579587,0.7413803156343177
0.9063826125995944,0.8598138737467262,0.781441649098771
0.9044614472124035,0.8563658493845521,0.778919059785915
0.8926467967650424,0.8504450453949144,0.7943330334295535
0.89661223308575,0.838011053910309,0.784696135836751
0.8661564151440264,0.8545546941230517,0.7723344194594564
0.8117855476672033,0.8570971882148457,0.7668349690085703
0.8025465662734945,0.8630180869252226,0.7592918367887693
0.7362588348026344,0.8179495801503218,0.6996031449660782
0.7849475276649107,0.8294084216209561,0.7138316261648794
0.7986220153714572,0.8440364295964422,0.751975705120463
0.7953310761362313,0.8351200822176019,0.7716532824438795
0.7946154689869216,0.8476935026308685,0.7614360918491336
0.7864191780918854,0.8493999914751336,0.7348209878320868
0.7702919022328549,0.8609282632478794,0.6914295684597014
0.8173248479615614,0.8876421639900165,0.6893860220518786
0.8306721399961665,0.9121268121261492,0.74922597989502
0.8259096626565448,0.920868873344163,0.7684745979174898
0.8169976522896198,0.9181523772537616,0.7719559498458728
0.8349238865701452,0.9660069051419153,0.781895785562853
0.8148515047771636,0.9302028444638095,0.7539435846777875
0.8401973193205674,0.9651014695922746,0.7740752984652861
0.8470856137858893,0.9408605379190802,0.813606828615159
0.8282602372623529,0.9397809109293525,0.8063919470437628
0.8586139539799793,0.9637084116752783,0.8385571265601508
0.8632945481596817,0.9532595774507808,0.8426186361293848
0.878604677258199,0.963220789307923,0.8625232140042962
0.8612710569032362,0.9561505491434876,0.8712014843426641
0.8613733827724908,0.9543045366498222,0.8843706296344889
0.8604128000788953,0.9627331669405674,0.88467316167539
0.8711234318995786,0.9752366834480244,0.9101027732475993
0.8745570208098357,0.9772566979402975,0.8908287073398098
0.8822430302295441,0.974958109752921,0.9014747218744099
0.8869850648598308,0.9606085807517986,0.9054355227911024
0.9051562746846418,0.9453882839917214,0.886439217844355
0.8808530383173314,0.9229237450686014,0.8829073762286093
0.8517461022239927,0.910489753583996,0.859596977914721
0.8523591588588901,0.9129974851643641,0.8811918097470071
0.8567535551079002,0.8795269646265398,0.8784419491604718
0.854587189531266,0.8627395132301192,0.853643390999753
0.8426707748275442,0.8669885908869177,0.8489004736927579
0.787931938582688,0.7784190161356781,0.8449648499392008
0.7649772470960261,0.7370421554651498,0.8938813706894302
0.7996850362568859,0.7549441858042027,0.9330598791110389
0.8290576152490032,0.7766077661534381,0.9651747043011563
0.8224757367785513,0.7533768417263802,0.9534187288111244
0.7961692272189733,0.7364153883313522,0.921228101409417
0.7953926289093944,0.7502772949651191,0.9619202175631762
0.8014836577106446,0.7306338238288965,0.9632826269554222
0.8109271785202836,0.7513916844662722,0.9842214989352667
0.7955559459389181,0.7409082771718283,0.9692869742799373
0.7937979852586725,0.722414052768924,0.9643420982234905
0.7681865278164901,0.718617740247316,0.92054696439384
0.7819427863603772,0.7531679824956075,0.893931589654609
0.7489115240101587,0.7237027284309037,0.8837146697820473
0.7540214150858995,0.7428586719205104,0.8320736009695102
0.7514255279680695,0.7307730633160785,0.8100496744751855
0.740490138667278,0.7124879823061658,0.797259540241313
0.7391207017869792,0.6999843710779694,0.7720823771059182
0.7416754788409814,0.6969194921073945,0.7858060967921823
0.7261000438114218,0.6862617039313843,0.7861088995552676
0.7566788549768928,0.7067062283622312,0.8375478742572611
0.755534175576702,0.7002628500523331,0.8421898121895304
0.6791490935652136,0.6431088293937399,0.8126735138849517
0.6918424435462507,0.6626128716013016,0.8856319242909167
0.7035955412204489,0.6718426499074106,0.8767770077273249
0.6897983972578914,0.6527564208821344,0.8812926537606407
0.6493217204516784,0.631475985924498,0.8793502220886358
0.6737272826882432,0.6408795767877355,0.8667868176840738
0.6878642024515638,0.6669318531639095,0.86073225139438
0.734761237859965,0.7125228395383312,0.9059906386299101
0.7302751863866832,0.7074540486012115,0.8897692360717413
0.7265092349658615,0.6898200779551686,0.8901981953726879
0.7544131962406306,0.7105517009476809,0.9360115630859338
0.7614710977998871,0.7201957877687108,0.9638627845962733
0.7576847036697303,0.7260737779840585,0.9578335308308068
0.7295961963980508,0.7096366038826032,0.9604569641572964
0.7466550757253554,0.7049200793759798,0.9358854065480726
0.7561005060188335,0.715479168541348,0.9735754844006663
0.7284437667399253,0.6885882347369368,0.930940665852718
0.6707020986743746,0.6517714199112468,0.9050317406532913
0.6669774819625383,0.6630700886112519,0.887473511949288
0.6652286194111725,0.6501524530303533,0.8714287556163431
0.63876519520906,0.6325536237786944,0.8531134523240806
0.6169114896394496,0.6255844506433905,0.8682499357288613
0.6265832499291384,0.6444855953435285,0.8445614738846661
0.6675535844690221,0.6696519486424151,0.8652732099519234
0.6720809706512896,0.6607469677523243,0.8256658775904602
0.7074132733500811,0.6714470013781868,0.8051555588282859
0.700951804684065,0.6634571175531738,0.8228655273165622
0.7098413505352368,0.6870394559240718,0.8191317269513647
0.7112609956082434,0.690946591710988,0.8368163829154134
0.6998818197987529,0.679049572099059,0.8632801532314636
0.6902511695728917,0.6780995230810762,0.8711007756901223
0.710005903113127,0.6904186183085719,0.7767745340033663
0.6770606798582421,0.6964725049373186,0.7792972586773144
0.6693437817293735,0.6879898838250129,0.789161292182704
0.6876378724553531,0.6990419944398927,0.778363808586015
0.6987911675589478,0.7040048875901623,0.7663808325444883
0.6895719549391017,0.7150920448786864,0.7680459093387275
0.6271592401130437,0.6860189346758421,0.7844438227610286
0.6151829574748402,0.6616972062117861,0.7827029437551989
0.5962721034688638,0.6658153798064856,0.7610577575966422
0.5830673487867111,0.6548336467011135,0.7709468329040752
0.5813549910734439,0.6558894987852066,0.7732931820749833
0.6097860822103556,0.6978100565009211,0.7836112166833629
0.6142220378135084,0.6937624498572086,0.7911041299379853
0.6515870422202041,0.7156906799528291,0.8243538225244851
0.6567451196822349,0.7280800579690927,0.8159277299007475
0.6541454135967268,0.7093549991238333,0.8244044475729402
0.6523916088518953,0.7074540486012115,0.7826777665920635
0.6314086279128686,0.6705319043131088,0.7832328824308714
0.6615110790217984,0.6845406280932242,0.7820722964269848
0.6910768528493907,0.7171688918147072,0.8011950286337779
0.7081604431440236,0.7399064159092954,0.827608173901373
0.7068812012944727,0.7408570332517157,0.8606060948565188
0.7039924892138032,0.7356123459011967,0.8655507001907814
0.7236757855939442,0.7514512638114679,0.8764993821273748
0.730050990519469,0.775245113593847,0.8591176642875038
0.7342188321271106,0.7870362354189262,0.8399949320807107
0.7380975554170119,0.7889720431737131,0.8567208254292324
0.7297625461372013,0.7770401663296187,0.8644657810373932
0.7579252986334442,0.7893591668363746,0.8688049162065772
0.7492801667136644,0.7711619866727919,0.889945611574781
0.745628559678025,0.7728162843895485,0.8991789977519569
0.7490944974909663,0.7797151747360844,0.9061671494940422
0.7409038227248683,0.7633129525875337,0.9086058149297802
0.7427607395970057,0.773273975003197,0.8845865305764296
0.7298864379415786,0.7581742577446045,0.8809166206467154
0.7010215570054779,0.7347677210663661,0.9012659950703521
0.6889519343043209,0.7313181811723586,0.8976970645153639
0.6736220364319407,0.7176966757756444,0.8937996125897862
0.6752727290494662,0.7200901741440797,0.8866871993651293
0.6382794000559029,0.6779937200149659,0.8763860848932656
0.6707128816419359,0.6999570915049704,0.8967859490042651
0.6379283919972634,0.6797185846827092,0.8575302847601447
0.6373919393610834,0.6718342197615879,0.8423948842441009
0.6386297341790699,0.677676973861812,0.8622886332316422
0.6360095853842267,0.6733125263442057,0.8759812198667174
0.6453146124542488,0.6751075790799774,0.8683376497165589
0.6535881812834752,0.6879548371513684,0.8701851932629836
0.6733952571454149,0.7131210010087758,0.8620355079893669
0.6838350792286965,0.7304031788280203,0.8765885850870858
0.6782232185484565,0.7365627738021379,0.8875731377130927
0.633265544785006,0.6876027601623513,0.8716784968313154
0.6266425562507263,0.6576144581736894,0.8586945255135185
0.5871729636857173,0.6183688141437007,0.8265508684107785
0.5954673121920151,0.6276963442530559,0.8281960471244751
0.6002128288222432,0.626464501034824,0.8283984119572032
0.5840785889633293,0.6185096638834555,0.831891404939509
0.5866366233721159,0.6119629452466764,0.8199196638686288
0.576176358579499,0.6102031286260283,0.7963308277882379
0.5812722093328944,0.6206216522138606,0.764870473478549
0.5907837976252648,0.6299841342761203,0.7744377954699988
0.5982940222092066,0.6307936177165672,0.7421421278608016
0.5824691187322106,0.633574239747664,0.7385228429795427
0.5854609429401862,0.6439926686147566,0.7650731090334613
0.5773729310110789,0.6301248892951357,0.7608969486191968
0.6211956974386914,0.6552209598052543,0.7830177936554834
0.6256523203963369,0.6733476677385897,0.7875228815236137
0.6103637572329423,0.6705669509867533,0.7927115429069789
0.6325020882171424,0.6786274017627529,0.7792719461530868
0.6122827884911366,0.651278682623954,0.7550248490816884
0.6251568655014059,0.6547281277972219,0.7638074828220851
0.6262094403870098,0.6485333914287204,0.7676294032582565
0.6244966333834274,0.686793182001165,0.7615043138395652
0.6330193336923537,0.6978451978953053,0.7807651143603263
0.6466512511415483,0.7075246155521984,0.8022787295373368
0.6371979582675567,0.6946774522015469,0.8238680115648456
0.651863917376859,0.7055536664030273,0.827259619089149
0.6436313462888816,0.7052719669235177,0.8125797086481086
0.6536843294108978,0.7174855432471217,0.8167558690623731
0.6538498928919969,0.7234340056927164,0.7973685059204743
0.6519051397632656,0.7335037675174167,0.8022279691277896
0.6543256913356441,0.7258890725418785,0.8401931007195829
0.6666954399672602,0.7432533732423383,0.8520633209713688
0.6942279504740547,0.7684102544672669,0.8420659567902351
0.6867811881471149,0.7543906378020999,0.8500637669184867
0.6723219025827398,0.7383429553817957,0.8548726050773472
0.6767278680573625,0.7264229186301487,0.873905863602245
0.6834714910412354,0.7217616163147003,0.8809166206467154
0.6761694001957446,0.7244301837108744,0.8796005047479765
0.6718668838161641,0.7178475659137946,0.8636552388177441
0.7174991669876751,0.7663463842725684,0.8936729146075566
0.725587291239361,0.7771633980118118,0.8872188977349995
0.7243876860981546,0.7833547244336885,0.8812711313469928
0.7337997565857395,0.7896171861309893,0.8737033634084248
0.7311723068232765,0.778657807120158,0.8770949709327283
0.7288762086681693,0.7829277233396639,0.8763860848932656
0.7040743723737226,0.764994150994331,0.8527214466012842
0.717085482930085,0.7769854177421418,0.8598840787911199
0.714334366008402,0.7756333739053836,0.855834480997993
0.7440596378978404,0.8088316670376563,0.8669962212935924
0.7479898049288158,0.812994832983656,0.8864846991713093
0.750306458115837,0.804277114995714,0.9320174633405784
0.7511752732625818,0.8082979156701255,0.9343712573715535
0.7484658280176204,0.8124966018934676,0.9440650066230489
0.7835689926557321,0.8282595537705959,0.9399900963056946
0.7684683451666106,0.8145959923655084,0.9394077728873695
0.7629870033228949,0.815912610645664,0.9193117944281923
0.7462109522489198,0.7968048800125032,0.9232348296001816
0.7442458687334321,0.7915386910540998,0.9031388511410043
0.7318137810706016,0.8019643186974004,0.9025060380353163
0.7079010903096559,0.7657771126276953,0.8821822468580913
0.7052948695145795,0.7500494915864304,0.8842069780741089
0.72418078790807,0.7678051783828328,0.8902308173958902
0.7379368218067996,0.7729647117884697,0.8854218438759376
0.7130105320950817,0.7452815337182153,0.8666165334301796
0.6861811609313542,0.7322583792334252,0.8601623811965304
0.6703774864217447,0.7216903863185364,0.8772213981927737
0.6877117807121802,0.7216549607619336,0.8886109512064209
0.6978893295740465,0.7232560254230465,0.8697297031879805
0.6942279504740547,0.7321517236806585,0.866338095663677
0.6812582869492565,0.7143961316049956,0.8280694845033376
0.6914148314888937,0.7181678167343131,0.839129839340935
0.6941451687335052,0.7270278052731036,0.8495829643192561
0.6931523494598042,0.7236831212378108,0.8494565370592106
0.697972111314596,0.7289494049169536,0.8488742136408856
0.6929866736561263,0.7222952729614913,0.8508483198084478
0.6949517571716142,0.7335393825154988,0.8653763551041234
0.7155960855356656,0.7325074000577796,0.855834480997993
0.7169611418353925,0.7127593572250612,0.8363458677591842
0.7154927487632021,0.6988108758353186,0.8340678759397995
0.6743078780978777,0.6798101796378826,0.8456346166230393
0.7191540155406151,0.7053937777946171,0.8759557719813977
0.7052739775149293,0.6949325351532345,0.8565179191521359
0.7227740599316215,0.6960000378882958,0.8401931007195829
0.7251117174408717,0.7026538856815394,0.8125797086481086
0.7417426477430829,0.7190573391997046,0.8105551127931832
0.756340314724496,0.7346068852505601,0.7986593092949856
0.7751053740232359,0.7445699915224939,0.8162244414146871
0.7800138707152517,0.7487685830250963,0.8141489497891226
0.7728628537381994,0.7441429904284693,0.8128076567272482
0.7686319991638708,0.7346425002486419,0.7979253814534797
0.7905489423453258,0.7506189526727824,0.7916738647747428
0.7996038270324393,0.7533942703424628,0.784409847126905
0.7968326043691574,0.7470606733697378,0.7675025699149347
0.7889201526306593,0.7300879482066995,0.7446226198740065
0.7984827353737891,0.744071855153045,0.7559615478391988
0.7667700277756888,0.7404778661311788,0.7529748053414433
0.7877778320046227,0.7528249986975899,0.7459135586096102
0.8098009200230103,0.7760602802786685,0.7393581562790508
0.8190671958033588,0.7871975448384301,0.7403958344112871
0.8096105332520043,0.766168309282159,0.73151195057398
0.8149416998079115,0.7608666000464133,0.7287025311069095
0.8350611447613956,0.7808638531449654,0.7520130647818897
0.8438406144853781,0.7997226576745111,0.7540884210463623
0.8424442201861757,0.7937092168015649,0.7442682445348212
0.8191094290929744,0.7644604943475399,0.7375359252568536
0.8265987616772659,0.7828209730661577,0.7652501613419618
0.835293427854281,0.7855251554604139,0.7925089073520666
0.8511179943635407,0.7889054544937888,0.7915471667925129
0.8270428851537013,0.7760958005560108,0.7966850677663311
0.8211827915743912,0.7822516067005452,0.7836252942369439
0.8058236898315325,0.7730357523431544,0.7935974812549422
0.7849004645044084,0.7604395989523887,0.7656551617296021
0.7900837022240825,0.7525403628751532,0.7598844476500959
0.7844349997380076,0.7525047478770714,0.7680847579721677
0.7554093851916945,0.7230782345948557,0.7600616353196885
0.7473701212617712,0.7075998238194243,0.7371307895081212
0.7781939079715279,0.7136487849697131,0.7479381544645354
0.7510089235234312,0.696640444808593,0.7389025308429555
0.7597673889251846,0.7017288429388058,0.7689455191569954
0.772334151359954,0.7217616163147003,0.7807398018360987
0.7801828038737137,0.7112647586752359,0.7851185978052755
0.7575249809627269,0.7025116151306909,0.7557082872358314
0.7550497282944901,0.6962135384353081,0.7372067270808036
0.7342961100613006,0.6702739797392339,0.7178699889873599
0.7059472390520447,0.6595281012754148,0.7135419534277303
0.6991563282625117,0.6592789857303205,0.6938507723145553
0.6932750057158152,0.6482129511667227,0.6882066208561866
0.6908632153045804,0.6600261429241241,0.6867893225410837
0.6756310380757256,0.6478926056254648,0.6757288323423944
0.6598912751134332,0.6386767512680738,0.7103781586214746
0.6703418801642762,0.6376450529725737,0.7138708808815959
0.6677399276271929,0.6271837156104514,0.6992924912596497
0.6659841010759435,0.6315248618261211,0.6767665781551766
0.6667455358373893,0.6374313629840822,0.6941038298762845
0.6640376631085307,0.6293541466371768,0.6993937413565599
0.6737694036552799,0.6335884478586009,0.6926612867174999
0.7021180500193784,0.6651856763297608,0.7414335125435232
0.699621568383755,0.6530165240330197,0.7416360127373434
0.7164616433276261,0.6620544928414802,0.7388012807460453
0.7083800337855084,0.6608801451121731,0.7466978407773868
0.7264471205798047,0.6649366555054061,0.738295030261495
0.7054605453182574,0.6496718399977268,0.7441163693894561
0.7172443070564583,0.6654346971541154,0.749330207935957
0.6949039077530603,0.6376093432537522,0.7538101186409516
0.6740232526832881,0.5444549058239045,0.7598591351258683
0.6703212128097835,0.545201873576229,0.7461412359665656
0.6529097529077368,0.5258807371167953,0.7520383773061172
0.6593411191226439,0.5196183701402339,0.7490264576452266
0.6830567960804361,0.5224293028079963,0.7505197612135581
0.6889590106267831,0.5216820508934534,0.7550756094912354
0.689466821005378,0.5206856834338163,0.7642123478486333
0.698838792332344,0.5225715733588447,0.7571511011168
0.6945230218884695,0.535879268945332,0.7647185983331839
0.7077666401828746,0.5405051457041776,0.786712880748333
0.7078301024398768,0.5580826627894311,0.797115380678199
0.6911167273648522,0.55217616163147,0.7865103805545128
0.7083800337855084,0.5553073451197508,0.8006334154625481
0.7126113376501522,0.5450240827480382,0.7974696206562921
0.7210313751220876,0.5496496753446651,0.8127317191545658
0.7348460414069324,0.5532790899231341,0.8166039939170078
0.7363481312527522,0.5479773806873884,0.8252348878731317
0.7343806889631104,0.5428890772779154,0.8169836817804206
0.7310590856638817,0.5351320170307889,0.8190337255206657
0.7229142385099196,0.5444903313805074,0.8215142175338705
0.7242257169395758,0.548724727322671,0.8035693975507561
0.7033027162576093,0.5363418850374384,0.796229577691328
0.6995581061267531,0.5357016675586204,0.7935720333696226
0.7092900713186598,0.5519981813618,0.7975710061142944
0.7413832154910358,0.5690065215229201,0.8041767627711245
0.7406847936962773,0.5741660549285568,0.8039489500530768
0.7433506577806777,0.5731696874689198,0.7967102449294665
0.7391830408181936,0.5772260084206737,0.7965585051451936
0.7541612566964615,0.5865486130515707,0.8302460908647202
0.7505436834021879,0.5843781820248453,0.8373835458914203
0.7487877445283599,0.591103165093513,0.8370544830764626
0.7374904518787888,0.5871534996945256,0.8117192181854649
0.7520877818924658,0.5880075966033143,0.808352923185389
0.7443025916357082,0.585843890749099,0.8042780128680345
0.7372363782056233,0.5898106058812107,0.8154398885247263
0.7132881935097879,0.5714197218051877,0.8165027438200978
0.7313127100467323,0.5785956703149937,0.8260194407630927
0.7150443570287734,0.5741602769634424,0.8267786811288262
0.7035567899307751,0.5620078902376069,0.8178188597188367
0.7194655983741083,0.5807593761692091,0.8189324754237555
0.7181117743322578,0.5900630366521902,0.8375101085125578
0.7212217618930936,0.5868538032744959,0.8532022492005151
0.7166393376472318,0.5770451865288164,0.8535566245397004
0.6989921126523579,0.5805430340000095,0.866135730830949
0.7141245474312696,0.5822378721933061,0.8531770720373797
0.7214987493723275,0.5890173196872321,0.8558597935222205
0.7344995262514433,0.586096416240818,0.8595045262887993
0.7261025149081546,0.5732587249641246,0.8449258659446686
0.7166609035823546,0.5613227751282281,0.8344223866400768
0.7052795936438674,0.5651812244550005,0.8247033248643538
0.7085617717179498,0.5715278928897876,0.8251589503004491
0.716276985008137,0.581769099253127,0.8418887691206425
0.753276604066111,0.6121682050893453,0.8523923837863265
0.7405100197637193,0.6108700573534078,0.8855232293339399
0.7560900600190084,0.6191278114299517,0.8718811323862277
0.7608214240043123,0.6206785793783478,0.8697297031879805
0.7620788752735828,0.6182263541513733,0.8971909493919055
0.7647856247766536,0.6083456549228736,0.8945840301186552
0.7403608553791199,0.6075885520514144,0.9459378626937014
0.74055270234365,0.6216160305379663,0.9609465652275155
0.7352243438522117,0.6105815379806485,0.9624906292053941
0.7696024662443974,0.6335160812135621,0.9499622833236927
0.843814892614841,0.6774017153925938,0.948797907209227
0.8340320452947538,0.675238104259118,0.9771452271222072
0.8362272777741304,0.7129215191312215,0.9891673225193582
0.8248033975782916,0.7127412655638015,1.0
0.8257652158202533,0.6943863753688189,0.9982580381054333
0.7851648718548203,0.6093553780067915,0.9537802782881926
0.7964686792139599,0.6129615860040636,0.9256185384325166
0.7983490715050592,0.6115190838610067,0.9247411278333573
0.793712283131075,0.6217963788261258,0.946897437475781
0.7973878148759912,0.6248976305606995,0.9340094371723013
0.7796516303987355,0.6157742236451382,0.9478024617377339
0.8078794176680832,0.6267366337196361,0.9595388098694073
0.8209571355136531,0.633588163696382,0.9397679687535163
0.8160851436597358,0.627565913794655,0.9250427123466134
0.7986910937573974,0.6329391371887831,0.9193115237060081
0.817324623316404,0.6430720777467831,0.9377662489231602
0.8346329710911449,0.6536378920846615,0.9456089352398356
0.8288848631228631,0.6516184459168257,0.9372724516590853
0.8254233058904936,0.6546476151685792,0.9463490896915794
0.8167047150042017,0.6508251597228472,0.9525188482706723
0.8195680421820706,0.6383842536242523,0.9583870223365092
0.8200168832068142,0.6540345825420206,0.9748947136045241
0.8236708490166074,0.6720286814399448,0.973743061432718
0.8139911138238263,0.667016438784354,0.9533690512903144
0.7846518946376022,0.650608912274387,0.9636795056775349
0.7994175961968473,0.6625809507120632,0.9483792353512819
0.7910838224654031,0.6613908793399859,0.9480489542864949
0.7979645913179476,0.6644200485917395,0.949590040320347
0.7934770796511419,0.6757068771992971,0.9262546002044156
0.790720683568257,0.6731826642102421,0.9199529999215921
0.7882632901900437,0.6699733361118083,0.9064137774038954
0.7885197226373633,0.6714158382548652,0.8935353877379568
0.7948448316927592,0.6840369979208798,0.8922696261654885
0.7802500850983938,0.68425324536934,0.8861879876573695
0.7898230015187697,0.6903114891521074,0.8892973673045907
0.8066187090440287,0.7056372100953365,0.8882242245662175
0.8112559467083278,0.7155900865273956,0.895324184570399
0.8114905885753672,0.7145442748416979,0.898130896815627
0.8223245505875341,0.7064306857307943,0.8999470365886786
0.8166192375217618,0.7088828162370293,0.9088630010048193
0.8331798538896664,0.7138229764097999,0.9233926606336003
0.8759811587859929,0.7316009225800035,0.9037171137265656
0.8704468006851003,0.7296176597346873,0.9104315653403727
0.8671130665473652,0.7358199737623552,0.9116698486111394
0.8834599330478805,0.7391735615471686,0.9141740288154663
0.8868148961530022,0.7248936522896372,0.9023962601896023
0.8867722135730716,0.723775852841859,0.8725113736311652
0.8779043459796014,0.7320696955201826,0.8629624607482442
0.8857463714612139,0.7280309926259905,0.8575413843696991
0.8744213351346879,0.7121643215390225,0.8495611711834239
0.8780751886219025,0.7024278819969028,0.8506894058862922
0.8796136709832421,0.7070076297555732,0.8652190655150731
0.8571553329721413,0.6871382496554534,0.8460664185069204
0.8536724344498066,0.68425324536934,0.8520653513877507
0.8473686666843763,0.6832076231251214,0.8372879809603795
0.8575828327069197,0.6906720910076867,0.8350864681580459
0.8796351245957861,0.7044472334439988,0.8350591252174364
0.893332301463243,0.7154456373995368,0.8372054106941829
0.9005763215355125,0.7131017726986413,0.8263356442742986
0.8965374262482928,0.7273096941940922,0.8319218611852373
0.8884177393519739,0.7267688387710931,0.8520928296894521
0.8596341799628988,0.7059257294680956,0.8544868259647886
0.8717288505991203,0.6811521830762455,0.8544318693613857
0.851727793643654,0.6833157942097212,0.8515424514888688
0.8444626569265767,0.689301860788929,0.8577065249020925
0.8360004984876046,0.6879316305701715,0.8405076798976832
0.8263170566497242,0.6829551923541419,0.8306835779144706
0.8429847164351914,0.6783393559936917,0.8268035875697775
0.8068211143309627,0.6649249101336983,0.8070453350354538
0.7982303465393048,0.6498755843085624,0.8041560525240292
0.7753712415671719,0.6421316902442373,0.7868468882295374
0.7814555310136961,0.6574001051400209,0.8084763725014077
0.7932815260415125,0.6549893675969822,0.8341784659520661
0.7890823464343955,0.6486700734559334,0.8206393787954616
0.7727574951593181,0.6382597905724448,0.8258678363399119
0.7853761506254766,0.6499486139987782,0.8384162156632478
0.7814340774011521,0.6637559614865474,0.8381410265629561
0.7940099379648013,0.6741663390907757,0.8487630821842502
0.7898107583576843,0.674896825434413,0.8403974959686928
0.7945668333103166,0.6651805614098236,0.8470569909790968
0.7799557999420303,0.6533456786030585,0.8331051878526008
0.7739571003005248,0.6489988491430141,0.8354993194890294
0.7731430985722172,0.6524325706735119,0.8353343143177281
0.8043147483084079,0.6794261817596272,0.8583669516705741
0.8443987453792596,0.7045570147811715,0.8607059913425077
0.8463695573462644,0.6991874854958868,0.857871665434486
0.8537181497393638,0.6984935613577272,0.8544593476630873
0.8496903743874418,0.7002468422473442,0.870722576798723
0.858238459599169,0.7139811600448978,0.8758409857752751
0.848855031369169,0.7077348955940648,0.8798587737117525
0.8269385374780289,0.6990779883209328,0.8789781144463822
0.8325298431263553,0.7029497932719859,0.8792533035466739
0.8512114467490728,0.7152960733517408,0.8827205779214755
0.8400069325495614,0.7120452575693712,0.8699246231606415
0.8503115182480103,0.7099631062719338,0.8791983469432707
0.8506544390809789,0.7187661676462369,0.89345281747176
0.8588597157823163,0.7111685224038229,0.9031117789225791
0.8899243221009445,0.7260351319223102,0.9159628256479084
0.8945519000234698,0.7198985540879104,0.9137336991827811
0.8996077639388249,0.7383448497965872,0.9130181804498043
0.9065490746613236,0.7364088526003212,0.9149995961163413
0.9190607990324982,0.7273135777444151,0.8955716246468048
0.8854040122411393,0.7075522740081555,0.9010201793270516
0.9169827190027733,0.7458694653487854,0.9176413031902682
1.0,0.8020850876403642,0.9349503321236676
0.9992284562064655,0.7918208641373072,0.9489296135518652
0.9808040712891188,0.7874011944285262,0.9693481574935783
0.9653147876774717,0.7714021037476262,0.9523143176604703
0.9685068830433847,0.7711098902660232,0.971797381094502
0.9841462296202614,0.7907616021065893,0.9731733265959606
0.9719560847920901,0.776917787134082,0.9803279724813607
0.9786618550669193,0.7938298910237891,0.9851713277187131
0.9738201903092685,0.79057898052068,0.9954631022752203
0.9710350396462197,0.7761506438642274,0.9841253925598572
