Date,TCS.NS,INFY.NS,RELIANCE.NS
,TCS.NS,INFY.NS,RELIANCE.NS
2020-01-01,1866.1136474609375,633.1510620117188,675.32421875
2020-01-02,1857.5474853515625,631.3037109375,686.8212280273438
2020-01-03,1894.566650390625,641.0135498046875,687.6488647460938
2020-01-06,1894.3946533203125,634.8696899414062,671.7007446289062
2020-01-07,1899.0438232421875,625.460693359375,682.0345458984375
2020-01-08,1941.5728759765625,617.125732421875,676.9124145507812
2020-01-09,1906.361572265625,625.159912109375,692.502685546875
2020-01-10,1905.6727294921875,634.2682495117188,692.3460083007812
2020-01-13,1885.699462890625,664.6862182617188,690.5789794921875
2020-01-14,1899.947265625,666.4906616210938,684.181884765625
2020-01-15,1917.166259765625,659.5306396484375,681.698974609375
2020-01-16,1927.4105224609375,659.0579833984375,687.9842529296875
2020-01-17,1910.450927734375,659.7883911132812,707.2652587890625
2020-01-20,1868.4815673828125,660.3040771484375,685.5015258789062
2020-01-21,1869.0838623046875,655.1912231445312,686.1949462890625
2020-01-22,1899.947265625,661.8076171875,685.9489135742188
2020-01-23,1890.4990234375,673.9662475585938,683.0411376953125
2020-01-24,1883.98486328125,672.5914916992188,680.6701049804688
2020-01-27,1871.775146484375,668.5958862304688,673.9598388671875
2020-01-28,1884.286376953125,668.5099487304688,658.3919067382812
2020-01-29,1859.1341552734375,678.5634155273438,662.0155029296875
2020-01-30,1844.68115234375,670.830078125,645.8660278320312
2020-01-31,1793.9447021484375,666.7484130859375,631.5059814453125
2020-02-03,1814.1790771484375,659.40185546875,619.8077392578125
2020-02-04,1818.7088623046875,676.9737548828125,638.1044921875
2020-02-05,1852.1884765625,674.1382446289062,647.990966796875
2020-02-06,1836.484130859375,662.7958984375,652.1513061523438
2020-02-07,1843.5592041015625,667.908447265625,641.3478393554688
2020-02-10,1865.4759521484375,664.3855590820312,642.2201538085938
2020-02-11,1858.098388671875,664.6862182617188,649.8922119140625
2020-02-12,1873.0694580078125,671.1307983398438,657.7432861328125
2020-02-13,1891.3621826171875,680.7545776367188,659.465576171875
2020-02-14,1884.6748046875,675.770751953125,665.4824829101562
2020-02-17,1901.1124267578125,678.3485717773438,661.2997436523438
2020-02-18,1911.89892578125,685.3946533203125,656.4459228515625
2020-02-19,1895.1588134765625,687.800537109375,672.7295532226562
2020-02-20,1861.03271484375,684.8360595703125,664.7443237304688
2020-02-24,1825.2667236328125,683.847900390625,646.4027709960938
2020-02-25,1860.471435546875,686.0390014648438,633.6309814453125
2020-02-26,1832.3853759765625,672.5914916992188,622.7155151367188
2020-02-27,1816.7672119140625,668.381103515625,620.1432495117188
2020-02-28,1725.8642578125,628.7258911132812,594.3756713867188
2020-03-02,1726.8568115234375,636.7600708007812,588.7838134765625
2020-03-03,1756.9705810546875,641.8727416992188,600.72802734375
2020-03-04,1797.5252685546875,651.9690551757812,599.3189086914062
2020-03-05,1833.6368408203125,648.403076171875,586.5470581054688
2020-03-06,1826.2156982421875,634.9556274414062,568.5857543945312
2020-03-09,1701.8768310546875,605.3109130859375,498.4184265136719
2020-03-11,1685.7838134765625,589.4573974609375,516.044189453125
2020-03-12,1527.1455078125,542.3695678710938,475.53631591796875
2020-03-13,1558.5975341796875,551.9503173828125,494.4593811035156
2020-03-16,1463.7681884765625,501.08172607421875,454.37652587890625
2020-03-17,1430.63427734375,476.85040283203125,450.93194580078125
2020-03-18,1427.52783203125,459.1064758300781,433.261474609375
2020-03-19,1422.2694091796875,468.77325439453125,410.5359191894531
2020-03-20,1562.2930908203125,502.8431396484375,455.3830871582031
2020-03-23,1451.256103515625,452.3612976074219,395.48248291015625
2020-03-24,1480.330322265625,506.79595947265625,422.03289794921875
2020-03-25,1521.311767578125,520.8878173828125,484.14788818359375
2020-03-26,1556.6434326171875,552.5088500976562,476.96783447265625
2020-03-27,1585.8040771484375,560.8438110351562,476.6994323730469
2020-03-30,1545.8223876953125,538.5028076171875,460.9750061035156
2020-03-31,1587.194580078125,551.219970703125,498.2395324707031
2020-04-01,1485.1973876953125,517.96630859375,483.3426818847656
2020-04-03,1437.7841796875,503.2727966308594,482.0005798339844
2020-04-07,1542.953857421875,549.0718383789062,539.5526123046875
2020-04-08,1482.3291015625,542.7131958007812,533.3119506835938
2020-04-09,1535.088134765625,546.7088623046875,545.748291015625
2020-04-13,1529.0908203125,547.697021484375,531.969970703125
2020-04-15,1508.1434326171875,549.11474609375,514.3888549804688
2020-04-16,1491.5423583984375,536.0538940429688,522.5308227539062
2020-04-17,1569.89794921875,540.2643432617188,547.5601196289062
2020-04-20,1580.7196044921875,561.3593139648438,556.4178466796875
2020-04-21,1510.3165283203125,544.0880737304688,553.5324096679688
2020-04-22,1537.99951171875,551.5206909179688,610.0106201171875
2020-04-23,1632.5220947265625,583.7003784179688,613.2763671875
2020-04-24,1580.63232421875,565.39794921875,633.8993530273438
2020-04-27,1596.321044921875,571.0690307617188,639.60302734375
2020-04-28,1615.8341064453125,567.7179565429688,638.8873901367188
2020-04-29,1656.3372802734375,581.337158203125,638.3505249023438
2020-04-30,1750.9033203125,614.8056640625,655.8196411132812
2020-05-04,1677.8929443359375,578.888427734375,642.0411987304688
2020-05-05,1679.8919677734375,578.888427734375,653.4263305664062
2020-05-06,1654.555908203125,572.18603515625,653.4710693359375
2020-05-07,1644.1689453125,571.3697509765625,674.1387939453125
2020-05-08,1645.68994140625,579.3179931640625,698.6761474609375
2020-05-11,1682.1083984375,586.793701171875,705.3863525390625
2020-05-12,1694.4505615234375,590.875244140625,661.7470703125
2020-05-13,1694.5806884765625,596.4605102539062,675.7871704101562
2020-05-14,1653.468994140625,565.52685546875,648.4657592773438
2020-05-15,1645.2554931640625,560.5001220703125,659.0556640625
2020-05-18,1691.0606689453125,570.467529296875,650.6333618164062
2020-05-19,1693.7120361328125,574.506103515625,636.2501220703125
2020-05-20,1698.013916015625,575.3225708007812,647.44970703125
2020-05-21,1730.69482421875,577.5994873046875,650.8591918945312
2020-05-22,1756.0313720703125,594.9136352539062,646.478759765625
2020-05-26,1688.80078125,584.7744140625,643.091796875
2020-05-27,1742.9501953125,606.170166015625,652.801025390625
2020-05-28,1742.081298828125,607.845703125,664.858642578125
2020-05-29,1714.3114013671875,601.8361206054688,661.3135986328125
2020-06-01,1777.673828125,609.2827758789062,686.580322265625
2020-06-02,1779.3251953125,616.7296142578125,693.5122680664062
2020-06-03,1783.683837890625,611.0247192382812,696.1992797851562
2020-06-04,1823.26025390625,616.4247436523438,713.4274291992188
2020-06-05,1785.5146484375,612.7666015625,714.2854614257812
2020-06-08,1805.999755859375,627.8343505859375,708.7760620117188
2020-06-09,1806.2613525390625,625.0036010742188,694.1670532226562
2020-06-10,1838.2537841796875,623.4794921875,709.972900390625
2020-06-11,1802.4256591796875,613.114990234375,694.4154663085938
2020-06-12,1777.886962890625,602.7505493164062,717.4918823242188
2020-06-15,1769.5184326171875,598.8312377929688,729.1204833984375
2020-06-16,1783.3785400390625,610.719970703125,730.5428466796875
2020-06-17,1785.1221923828125,612.853759765625,729.4816284179688
2020-06-18,1776.66650390625,621.78125,747.7938232421875
2020-06-19,1782.33251953125,614.508544921875,794.5337524414062
2020-06-22,1767.818359375,612.8972778320312,788.5501098632812
2020-06-23,1774.2257080078125,627.6600952148438,777.1473388671875
2020-06-24,1780.24072265625,621.9989624023438,780.285888671875
2020-06-25,1757.48828125,610.1101684570312,775.7926025390625
2020-06-26,1847.058349609375,651.6552734375,786.5179443359375
2020-06-29,1832.0645751953125,637.3277587890625,778.1634521484375
2020-06-30,1815.0655517578125,640.98583984375,769.5606079101562
2020-07-01,1823.696044921875,637.4584350585938,784.68896484375
2020-07-02,1880.4456787109375,658.9713134765625,798.19775390625
2020-07-03,1917.49365234375,664.2841796875,810.689697265625
2020-07-06,1972.892578125,665.4163818359375,839.6640625
2020-07-07,1978.7325439453125,691.6760864257812,826.8092041015625
2020-07-08,1934.2744140625,674.7357177734375,815.2694702148438
2020-07-09,1921.591064453125,680.8323974609375,827.1719360351562
2020-07-10,1937.2823486328125,680.9630737304688,851.5665893554688
2020-07-13,1935.233642578125,694.2017822265625,877.3895263671875
2020-07-14,1893.346923828125,682.1824340820312,869.227783203125
2020-07-15,1947.3499755859375,723.7274780273438,836.127197265625
2020-07-16,1952.46142578125,793.4481201171875,835.8551025390625
2020-07-17,1922.7564697265625,786.611083984375,866.8245849609375
2020-07-20,1929.0029296875,813.7415161132812,870.5426635742188
2020-07-21,1943.98681640625,815.87548828125,893.9623413085938
2020-07-22,1914.1943359375,799.4578247070312,908.67626953125
2020-07-23,1896.9388427734375,790.7916870117188,933.0708618164062
2020-07-24,1884.8817138671875,803.76904296875,973.1315307617188
2020-07-27,1928.042236328125,826.065673828125,977.6885375976562
2020-07-28,2017.987548828125,838.6075439453125,987.437255859375
2020-07-29,1988.544677734375,831.0302734375,950.6866455078125
2020-07-30,1991.5587158203125,837.38818359375,956.218505859375
2020-07-31,1993.21875,841.3511962890625,937.2877807617188
2020-08-03,1969.410888671875,833.4253540039062,910.9434204101562
2020-08-04,1965.52294921875,827.2850341796875,975.1492309570312
2020-08-05,1974.08544921875,822.799560546875,964.1987915039062
2020-08-06,2016.5457763671875,845.5753173828125,967.6676635742188
2020-08-07,2005.406982421875,828.1996459960938,973.2675170898438
2020-08-10,1994.441650390625,828.591552734375,961.2062377929688
2020-08-11,1991.908203125,826.065673828125,967.5316162109375
2020-08-12,1972.2069091796875,831.7269287109375,964.7202758789062
2020-08-13,1969.67333984375,828.4607543945312,962.2037963867188
2020-08-14,1958.9266357421875,830.551025390625,958.4629516601562
2020-08-17,1968.755126953125,833.9479370117188,948.2835083007812
2020-08-18,1983.0399169921875,842.7011108398438,960.6167602539062
2020-08-19,1971.55126953125,835.5156860351562,966.5113525390625
2020-08-20,1968.275390625,831.901123046875,950.8679809570312
2020-08-21,1964.56201171875,826.3705444335938,943.9758911132812
2020-08-24,1964.12548828125,825.1512451171875,950.278564453125
2020-08-25,1959.36328125,817.05126953125,944.0892333984375
2020-08-26,1968.8428955078125,828.1124877929688,969.1185913085938
2020-08-27,1964.3875732421875,824.8463745117188,957.0120239257812
2020-08-28,1955.781494140625,814.5689697265625,959.528564453125
2020-08-31,1972.1197509765625,808.7770385742188,943.4544677734375
2020-09-01,1962.596435546875,796.191650390625,946.4244384765625
2020-09-02,1979.0216064453125,804.7705688476562,964.9923706054688
2020-09-03,2009.03271484375,814.8302612304688,957.6921997070312
2020-09-04,1999.6834716796875,800.5464477539062,941.8900756835938
2020-09-07,2033.1025390625,805.6851196289062,944.3386840820312
2020-09-08,2051.580810546875,818.096435546875,955.4249877929688
2020-09-09,2033.626220703125,808.0366821289062,980.0236206054688
2020-09-10,2036.6842041015625,818.7495727539062,1049.2398681640625
2020-09-11,2074.208740234375,823.6705322265625,1051.84716796875
2020-09-14,2176.69189453125,852.151123046875,1044.0482177734375
2020-09-15,2176.69189453125,855.6784057617188,1051.439208984375
2020-09-16,2186.8271484375,872.4880981445312,1054.0235595703125
2020-09-17,2150.08837890625,880.54443359375,1042.3251953125
2020-09-18,2140.434326171875,872.8364868164062,1045.4764404296875
2020-09-21,2153.88916015625,879.5865478515625,1022.8729858398438
2020-09-22,2204.2568359375,877.49609375,1002.6045532226562
2020-09-23,2155.767333984375,888.1654663085938,1011.514404296875
2020-09-24,2037.6451416015625,849.5381469726562,989.0243530273438
2020-09-25,2116.3203125,880.9364013671875,998.319580078125
2020-09-28,2119.8154296875,880.02197265625,1004.9170532226562
2020-09-29,2174.071044921875,878.8025512695312,1017.9758911132812
2020-09-30,2177.478515625,878.1492919921875,1013.1241455078125
2020-10-01,2204.693603515625,886.3365478515625,1008.9979248046875
2020-10-05,2364.010009765625,913.3798217773438,1003.0806274414062
2020-10-06,2371.43603515625,919.5202026367188,1002.2417602539062
2020-10-07,2390.350830078125,928.9266357421875,1023.6210327148438
2020-10-08,2468.763427734375,952.5731201171875,1015.3458862304688
2020-10-09,2457.6240234375,963.9828491210938,1012.716064453125
2020-10-12,2472.520751953125,986.0182495117188,1014.348388671875
2020-10-13,2469.507080078125,1008.4019775390625,1034.1407470703125
2020-10-14,2465.163818359375,990.2860717773438,1037.2239990234375
2020-10-15,2404.622314453125,965.2459106445312,1000.49609375
2020-10-16,2424.5400390625,982.0116577148438,986.5757446289062
2020-10-19,2379.134033203125,980.6182250976562,986.7571411132812
2020-10-20,2403.218017578125,990.7214965820312,977.5524291992188
2020-10-21,2347.415283203125,1000.1712646484375,963.360107421875
2020-10-22,2343.686279296875,983.3618774414062,955.3569946289062
2020-10-23,2357.418212890625,988.1596069335938,958.1229248046875
2020-10-26,2358.646240234375,979.312255859375,920.057373046875
2020-10-27,2307.71240234375,960.2974243164062,922.505859375
2020-10-28,2300.7373046875,947.7089233398438,912.0542602539062
2020-10-29,2309.90625,946.2122802734375,919.059814453125
2020-10-30,2338.158935546875,933.6677856445312,931.5745239257812
2020-11-02,2285.294189453125,943.9675903320312,851.2945556640625
2020-11-03,2310.740234375,935.3843994140625,839.0292358398438
2020-11-04,2327.89208984375,963.0263061523438,867.5046997070312
2020-11-05,2356.45263671875,971.8734741210938,886.4581909179688
2020-11-06,2375.535888671875,979.5762939453125,920.0800170898438
2020-11-09,2392.338623046875,1000.5280151367188,929.8514404296875
2020-11-10,2324.7783203125,960.4735717773438,945.2001953125
2020-11-11,2358.295166015625,988.1596069335938,905.5928344726562
2020-11-12,2343.59912109375,983.9782104492188,897.7938842773438
2020-11-13,2331.139404296875,989.6560668945312,905.2301025390625
2020-11-14,2342.98486328125,997.7990112304688,907.9053344726562
2020-11-17,2339.2119140625,989.2159423828125,903.8018798828125
2020-11-18,2304.64208984375,977.6397705078125,901.05859375
2020-11-19,2313.63525390625,965.4912719726562,894.6878051757812
2020-11-20,2334.122802734375,971.3013916015625,861.2926635742188
2020-11-23,2390.276123046875,1003.4331665039062,884.5083618164062
2020-11-24,2388.346435546875,1003.609130859375,890.5617065429688
2020-11-25,2370.139892578125,982.12939453125,883.193359375
2020-11-26,2387.07421875,979.9725341796875,885.369873046875
2020-11-27,2351.144287109375,968.352294921875,875.0316162109375
2020-12-01,2392.51416015625,1001.6726684570312,886.4127807617188
2020-12-02,2412.475341796875,1004.3574829101562,887.886474609375
2020-12-03,2377.291015625,991.6368408203125,890.5617065429688
2020-12-04,2393.172119140625,998.8553466796875,882.71728515625
2020-12-07,2402.077880859375,1006.6463623046875,887.9091186523438
2020-12-08,2454.3720703125,1015.3173828125,904.028564453125
2020-12-09,2466.21630859375,1034.5521240234375,919.0824584960938
2020-12-10,2442.965576171875,1027.9940185546875,910.0365600585938
2020-12-11,2442.35107421875,1023.9885864257812,909.4924926757812
2020-12-14,2454.721923828125,1025.17724609375,902.9176635742188
2020-12-15,2423.00439453125,1016.4179077148438,895.2319946289062
2020-12-16,2469.19921875,1026.1893310546875,896.2294921875
2020-12-17,2490.2568359375,1020.4672241210938,900.3331298828125
2020-12-18,2510.2626953125,1047.4051513671875,903.031005859375
2020-12-21,2474.420654296875,1036.4010009765625,879.5205688476562
2020-12-22,2520.352294921875,1074.4310302734375,878.1603393554688
2020-12-23,2552.15771484375,1103.0853271484375,881.40234375
2020-12-24,2552.684814453125,1088.1199951171875,904.2099609375
2020-12-28,2570.277099609375,1091.861328125,908.3587646484375
2020-12-29,2571.2421875,1100.66455078125,902.3509521484375
2020-12-30,2552.64111328125,1097.5833740234375,904.822021484375
2020-12-31,2511.797119140625,1105.50634765625,900.1970825195312
2021-01-01,2569.267822265625,1109.5997314453125,901.1946411132812
2021-01-04,2666.835693359375,1134.0726318359375,902.7136840820312
2021-01-05,2713.82080078125,1138.9583740234375,891.4912109375
2021-01-06,2677.407958984375,1128.6585693359375,867.9807739257812
2021-01-07,2661.000732421875,1111.0960693359375,866.5750732421875
2021-01-08,2738.300048828125,1155.0682373046875,876.800048828125
2021-01-11,2787.040283203125,1211.4967041015625,860.2724609375
2021-01-12,2785.63623046875,1207.579345703125,887.3876953125
2021-01-13,2771.685302734375,1221.136474609375,879.1124877929688
2021-01-14,2857.615478515625,1206.4788818359375,888.9973754882812
2021-01-15,2842.36328125,1183.98681640625,878.5004272460938
2021-01-18,2832.166748046875,1155.0242919921875,899.5849609375
2021-01-19,2866.40625,1159.07373046875,914.2987670898438
2021-01-20,2908.6904296875,1179.1448974609375,931.6652221679688
2021-01-21,2877.9658203125,1179.365234375,951.9335327148438
2021-01-22,2903.679443359375,1180.37744140625,929.3527221679688
2021-01-25,2893.306396484375,1166.5123291015625,880.1100463867188
2021-01-27,2866.7138671875,1145.2967529296875,859.252197265625
2021-01-28,2810.012939453125,1123.4647216796875,850.886474609375
2021-01-29,2735.1162109375,1090.7608642578125,835.1976928710938
2021-02-01,2759.730224609375,1109.9959716796875,859.3882446289062
2021-02-02,2816.078857421875,1119.1070556640625,873.2178955078125
2021-02-03,2813.090576171875,1130.9034423828125,875.4171752929688
2021-02-04,2802.892822265625,1126.23779296875,872.5377197265625
2021-02-05,2776.080810546875,1119.85546875,872.2883911132812
2021-02-08,2825.44091796875,1147.54150390625,884.848388671875
2021-02-09,2792.73974609375,1149.3023681640625,886.9795532226562
2021-02-10,2824.737548828125,1141.33544921875,895.2092895507812
2021-02-11,2818.3203125,1137.946044921875,932.11865234375
2021-02-12,2804.958984375,1153.0435791015625,925.7252197265625
2021-02-15,2760.170166015625,1152.9114990234375,921.6443481445312
2021-02-16,2732.87451171875,1135.9652099609375,933.8416748046875
2021-02-17,2701.49169921875,1127.954345703125,944.6106567382812
2021-02-18,2687.64599609375,1137.77001953125,937.5598754882812
2021-02-19,2700.39306640625,1136.757568359375,943.2730712890625
2021-02-22,2600.705078125,1113.7811279296875,910.5352783203125
2021-02-23,2619.82470703125,1114.7935791015625,917.4954833984375
2021-02-24,2591.607177734375,1121.792236328125,934.5218505859375
2021-02-25,2633.099365234375,1122.012451171875,972.3153686523438
2021-02-26,2544.31201171875,1103.305419921875,945.7669677734375
2021-03-01,2570.596923828125,1115.36572265625,952.9765014648438
2021-03-02,2642.812744140625,1148.3775634765625,954.9262084960938
2021-03-03,2689.1845703125,1182.75439453125,998.5009765625
2021-03-04,2680.9208984375,1171.134033203125,986.5983276367188
2021-03-05,2644.3076171875,1159.1175537109375,987.890625
2021-03-08,2643.3408203125,1175.8876953125,993.5132446289062
2021-03-09,2682.01953125,1184.514892578125,993.4906005859375
2021-03-10,2699.60107421875,1204.41015625,989.3642578125
2021-03-12,2688.1728515625,1210.3082275390625,969.2546997070312
2021-03-15,2695.381591796875,1209.2081298828125,956.2412109375
2021-03-16,2733.973388671875,1218.36328125,952.4777221679688
2021-03-17,2736.5224609375,1221.004150390625,931.9599609375
2021-03-18,2669.3173828125,1177.0762939453125,910.9888305664062
2021-03-19,2681.3603515625,1183.546630859375,944.0438842773438
2021-03-22,2751.202880859375,1206.742919921875,935.1566162109375
2021-03-23,2762.587158203125,1207.4033203125,946.5377807617188
2021-03-24,2743.687255859375,1191.7335205078125,928.3098754882812
2021-03-25,2694.239013671875,1174.1712646484375,902.9856567382812
2021-03-26,2695.953125,1176.283935546875,904.4366455078125
2021-03-30,2776.6083984375,1219.5078125,920.1480712890625
2021-03-31,2793.573974609375,1204.3223876953125,908.2680053710938
2021-04-01,2782.278564453125,1219.4195556640625,916.7698974609375
2021-04-05,2847.24267578125,1241.1634521484375,903.5071411132812
2021-04-06,2869.922607421875,1242.1759033203125,899.7437133789062
2021-04-07,2875.812255859375,1259.0340576171875,908.1548461914062
2021-04-08,2916.2060546875,1267.5291748046875,909.2883911132812
2021-04-09,2920.513916015625,1268.585693359375,898.7234497070312
2021-04-12,2853.967529296875,1255.1165771484375,866.5750732421875
2021-04-13,2728.6982421875,1229.9393310546875,875.9385986328125
2021-04-15,2829.705322265625,1197.8958740234375,881.6063842773438
2021-04-16,2808.7822265625,1191.7335205078125,876.0745239257812
2021-04-19,2779.4658203125,1199.48046875,862.2902221679688
2021-04-20,2764.30126953125,1189.620849609375,862.0408325195312
2021-04-22,2741.664794921875,1189.4007568359375,864.4213256835938
2021-04-23,2733.489990234375,1174.1712646484375,863.4918823242188
2021-04-26,2725.842041015625,1182.75439453125,878.6818237304688
2021-04-27,2753.268798828125,1187.1119384765625,901.7161254882812
2021-04-28,2746.32470703125,1193.71435546875,905.6382446289062
2021-04-29,2738.544677734375,1194.0224609375,917.7675170898438
2021-04-30,2668.570068359375,1192.26171875,904.36865234375
2021-05-03,2669.75732421875,1190.237060546875,888.2944946289062
2021-05-04,2680.965087890625,1170.2979736328125,869.0462646484375
2021-05-05,2721.358154296875,1180.9498291015625,870.6334228515625
2021-05-06,2735.20458984375,1198.64404296875,875.5758056640625
2021-05-07,2754.0595703125,1190.67724609375,875.9158935546875
2021-05-10,2765.13623046875,1179.2332763671875,873.3992309570312
2021-05-11,2745.006103515625,1171.39794921875,876.5505981445312
2021-05-12,2714.238037109375,1168.184814453125,867.4819946289062
2021-05-14,2682.503173828125,1158.853759765625,878.4323120117188
2021-05-17,2698.5458984375,1170.2979736328125,888.8839721679688
2021-05-18,2715.29248046875,1179.6290283203125,901.398681640625
2021-05-19,2709.31494140625,1176.9881591796875,905.52490234375
2021-05-20,2689.975341796875,1179.0130615234375,900.242431640625
2021-05-21,2707.996826171875,1192.393798828125,908.018798828125
2021-05-24,2708.875732421875,1186.7156982421875,900.355712890625
2021-05-25,2750.8359375,1198.64404296875,890.153564453125
2021-05-26,2790.14599609375,1230.0274658203125,893.2822265625
2021-05-27,2809.138916015625,1234.42919921875,896.0255126953125
2021-05-28,2776.984130859375,1236.8941650390625,949.8477783203125
2021-05-31,2790.719970703125,1240.1864013671875,979.5475463867188
2021-06-01,2785.28759765625,1234.3580322265625,983.447021484375
2021-06-02,2764.484130859375,1226.75,998.1156005859375
2021-06-03,2774.907958984375,1236.5382080078125,1001.9243774414062
2021-06-04,2777.116455078125,1232.9788818359375,993.2412109375
2021-06-07,2811.965576171875,1236.5382080078125,1009.9727783203125
2021-06-08,2826.938720703125,1257.2708740234375,1004.1689453125
2021-06-09,2827.02783203125,1259.3621826171875,986.2129516601562
2021-06-10,2841.6474609375,1267.3704833984375,989.8404541015625
2021-06-11,2892.0,1287.4803466796875,1007.0098266601562
2021-06-14,2894.252685546875,1300.73876953125,1021.4566040039062
2021-06-15,2882.23828125,1311.505615234375,1023.777099609375
2021-06-16,2892.486083984375,1317.46728515625,1006.3045654296875
2021-06-17,2930.82421875,1330.5477294921875,1008.1473999023438
2021-06-18,2912.759033203125,1337.666259765625,1012.697509765625
2021-06-21,2891.38134765625,1334.99658203125,1017.9756469726562
2021-06-22,2916.204345703125,1345.274169921875,1012.742919921875
2021-06-23,2881.045166015625,1337.53271484375,1003.4607543945312
2021-06-24,2980.160400390625,1387.4071044921875,979.868408203125
2021-06-25,2986.521240234375,1400.7542724609375,957.5499877929688
2021-06-28,2947.608154296875,1398.618896484375,949.1550903320312
2021-06-29,2951.23046875,1390.8328857421875,949.97412109375
2021-06-30,2955.558837890625,1406.6273193359375,960.3711547851562
2021-07-01,2951.8046875,1388.4749755859375,954.5924682617188
2021-07-02,2937.626220703125,1395.0594482421875,968.7432861328125
2021-07-05,2933.69482421875,1404.98095703125,978.3668212890625
2021-07-06,2881.84033203125,1390.0765380859375,966.8095703125
2021-07-07,2893.015380859375,1392.2120361328125,960.0980834960938
2021-07-08,2878.48388671875,1388.7864990234375,952.1581420898438
2021-07-09,2834.00634765625,1390.699462890625,942.4209594726562
2021-07-12,2820.7109375,1377.3074951171875,948.2905883789062
2021-07-13,2815.80859375,1374.72705078125,955.3887329101562
2021-07-14,2839.65966796875,1403.1568603515625,949.1550903320312
2021-07-15,2835.5869140625,1406.6273193359375,947.4943237304688
2021-07-16,2828.37255859375,1384.0701904296875,961.16748046875
2021-07-19,2819.341796875,1371.835205078125,955.0474853515625
2021-07-20,2838.1103515625,1379.2650146484375,952.7041625976562
2021-07-22,2847.4501953125,1414.9913330078125,964.9440307617188
2021-07-23,2844.3515625,1415.2138671875,958.1187744140625
2021-07-26,2830.80615234375,1427.1820068359375,944.99169921875
2021-07-27,2817.88134765625,1425.980712890625,935.0496215820312
2021-07-28,2831.027587890625,1428.6947021484375,927.0187377929688
2021-07-29,2829.25732421875,1438.8387451171875,934.25341796875
2021-07-30,2804.15869140625,1433.054931640625,926.0859985351562
2021-08-02,2850.14990234375,1451.78564453125,943.0125122070312
2021-08-03,2908.137939453125,1472.82958984375,949.9513549804688
2021-08-04,2898.444091796875,1467.535400390625,957.2315673828125
2021-08-05,2907.296875,1471.361572265625,971.109375
2021-08-06,2930.18212890625,1468.380615234375,950.5429077148438
2021-08-09,2941.602294921875,1480.037353515625,945.128173828125
2021-08-10,2951.51806640625,1492.4503173828125,950.0878295898438
2021-08-11,2960.63623046875,1492.7174072265625,963.39697265625
2021-08-12,2967.321044921875,1503.439453125,960.3029174804688
2021-08-13,3066.164794921875,1523.549560546875,976.2965087890625
2021-08-16,3074.619873046875,1516.6087646484375,988.9686279296875
2021-08-17,3145.532470703125,1549.7547607421875,984.759765625
2021-08-18,3152.171875,1542.458251953125,988.5818481445312
2021-08-20,3151.242919921875,1542.01318359375,977.4796142578125
2021-08-23,3220.208251953125,1547.1741943359375,983.8952026367188
2021-08-24,3198.783447265625,1531.2464599609375,993.6097412109375
2021-08-25,3239.330810546875,1544.3267822265625,1002.20947265625
2021-08-26,3250.706787109375,1537.341552734375,1014.8814697265625
2021-08-27,3293.466796875,1520.5242919921875,1013.4937744140625
2021-08-30,3276.779052734375,1510.9586181640625,1032.9910888671875
2021-08-31,3352.16259765625,1518.432861328125,1027.4853515625
2021-09-01,3288.86328125,1492.895263671875,1031.5577392578125
2021-09-02,3396.693603515625,1502.9945068359375,1043.9796142578125
2021-09-03,3401.385498046875,1513.2720947265625,1086.7962646484375
2021-09-06,3410.1943359375,1539.7440185546875,1103.6771240234375
2021-09-07,3378.234375,1518.6109619140625,1110.638916015625
2021-09-08,3341.272705078125,1506.6873779296875,1106.2933349609375
2021-09-09,3356.54443359375,1505.21923828125,1103.6771240234375
2021-09-13,3404.307373046875,1505.486083984375,1079.083984375
2021-09-14,3440.205810546875,1500.369873046875,1077.67333984375
2021-09-15,3500.982421875,1522.882080078125,1082.1551513671875
2021-09-16,3455.610595703125,1514.6959228515625,1104.860107421875
2021-09-17,3388.814453125,1504.952392578125,1087.72900390625
2021-09-20,3384.962890625,1501.88232421875,1089.4580078125
2021-09-21,3419.888671875,1529.1107177734375,1094.16748046875
2021-09-22,3419.179931640625,1527.731689453125,1105.90673828125
2021-09-23,3425.46533203125,1550.5555419921875,1132.934326171875
2021-09-24,3427.280517578125,1569.5087890625,1129.6583251953125
2021-09-27,3396.870361328125,1531.5133056640625,1148.655029296875
2021-09-28,3345.69970703125,1501.21484375,1159.3934326171875
2021-09-29,3356.987060546875,1505.7974853515625,1150.2022705078125
2021-09-30,3342.512451171875,1490.6260986328125,1146.2890625
2021-10-01,3302.363525390625,1481.6834716796875,1148.3138427734375
2021-10-04,3340.52099609375,1493.78515625,1163.0789794921875
2021-10-05,3393.638916015625,1506.2869873046875,1187.217529296875
2021-10-06,3373.807861328125,1489.157958984375,1164.762451171875
2021-10-07,3446.4033203125,1504.685302734375,1170.4730224609375
2021-10-08,3484.24951171875,1533.916015625,1215.4510498046875
2021-10-11,3262.87939453125,1504.640869140625,1206.987548828125
2021-10-12,3233.88525390625,1499.479736328125,1213.881103515625
2021-10-13,3235.9658203125,1520.8800048828125,1226.234619140625
2021-10-14,3203.3681640625,1526.70849609375,1228.7144775390625
2021-10-18,3235.034912109375,1594.6904296875,1231.9906005859375
2021-10-19,3223.504150390625,1621.3851318359375,1243.0245361328125
2021-10-20,3201.06298828125,1603.7667236328125,1228.7144775390625
2021-10-21,3133.340087890625,1560.4324951171875,1193.26904296875
2021-10-22,3103.492431640625,1530.312255859375,1195.4986572265625
2021-10-25,3098.259033203125,1519.411865234375,1183.850341796875
2021-10-26,3089.078857421875,1529.4212646484375,1210.8096923828125
2021-10-27,3095.42041015625,1552.08837890625,1195.4986572265625
2021-10-28,3035.015869140625,1529.6009521484375,1182.3941650390625
2021-10-29,3013.81640625,1497.148681640625,1154.0244140625
2021-11-01,3083.57861328125,1526.14453125,1154.7296142578125
2021-11-02,3090.497802734375,1524.2144775390625,1137.89404296875
2021-11-03,3097.63818359375,1528.343994140625,1130.06787109375
2021-11-04,3112.184814453125,1533.9097900390625,1137.0068359375
2021-11-08,3106.951416015625,1559.7637939453125,1138.4173583984375
2021-11-09,3109.568115234375,1564.2523193359375,1147.40380859375
2021-11-10,3090.5869140625,1562.142578125,1160.235107421875
2021-11-11,3094.045654296875,1555.9935302734375,1162.3509521484375
2021-11-12,3127.618896484375,1598.095703125,1179.8917236328125
2021-11-15,3151.7900390625,1604.3349609375,1172.9300537109375
2021-11-16,3154.538818359375,1608.958251953125,1145.6749267578125
2021-11-17,3123.937744140625,1604.6041259765625,1121.149658203125
2021-11-18,3082.958251953125,1597.3778076171875,1125.3812255859375
2021-11-22,3067.61328125,1579.423583984375,1075.5345458984375
2021-11-23,3072.802001953125,1559.22509765625,1085.59033203125
2021-11-24,3054.21923828125,1522.509033203125,1069.9154052734375
2021-11-25,3056.525390625,1546.20849609375,1134.3221435546875
2021-11-26,3057.368408203125,1518.60400390625,1097.7620849609375
2021-11-29,3106.28662109375,1522.8231201171875,1110.9119873046875
2021-11-30,3130.368896484375,1537.4556884765625,1094.48583984375
2021-12-01,3173.521728515625,1539.4755859375,1122.5147705078125
2021-12-02,3231.26513671875,1569.414306640625,1129.7265625
2021-12-03,3229.092529296875,1558.013427734375,1095.7825927734375
2021-12-06,3136.799560546875,1521.880615234375,1075.011474609375
2021-12-07,3179.464599609375,1536.5582275390625,1083.7703857421875
2021-12-08,3217.072509765625,1573.992431640625,1100.2646484375
2021-12-09,3194.765380859375,1583.0592041015625,1117.71435546875
2021-12-10,3225.8544921875,1579.2886962890625,1118.851806640625
2021-12-13,3201.772216796875,1566.182373046875,1096.419677734375
2021-12-14,3214.323974609375,1572.9151611328125,1082.9969482421875
2021-12-15,3166.913330078125,1556.8011474609375,1079.8345947265625
2021-12-16,3176.891845703125,1590.37548828125,1093.803466796875
2021-12-17,3179.330810546875,1634.58740234375,1064.9329833984375
2021-12-20,3154.983154296875,1614.8828125,1036.2218017578125
2021-12-21,3200.5751953125,1626.28369140625,1051.646484375
2021-12-22,3220.48828125,1638.0435791015625,1076.6038818359375
2021-12-23,3248.827880859375,1667.5782470703125,1076.21728515625
2021-12-24,3256.10107421875,1672.8746337890625,1079.652587890625
2021-12-27,3278.45361328125,1675.2535400390625,1078.4923095703125
2021-12-28,3287.723388671875,1694.868408203125,1091.30078125
2021-12-29,3277.2119140625,1692.6690673828125,1093.16650390625
2021-12-30,3311.849609375,1699.2222900390625,1073.4189453125
2021-12-31,3315.929931640625,1694.6441650390625,1077.53662109375
2022-01-03,3386.357666015625,1704.2493896484375,1093.780517578125
2022-01-04,3445.787109375,1704.8779296875,1118.4649658203125
2022-01-05,3424.676513671875,1655.9530029296875,1123.69775390625
2022-01-06,3377.221923828125,1631.8494873046875,1099.53662109375
2022-01-07,3418.06787109375,1628.7073974609375,1108.4091796875
2022-01-10,3441.4404296875,1661.428955078125,1109.3193359375
2022-01-11,3473.41650390625,1665.78271484375,1117.3048095703125
2022-01-12,3423.744873046875,1685.397705078125,1147.130859375
2022-01-13,3457.450927734375,1702.7684326171875,1153.592041015625
2022-01-14,3519.762451171875,1731.9886474609375,1155.2755126953125
2022-01-17,3565.000244140625,1741.100341796875,1161.304443359375
2022-01-18,3539.6767578125,1724.2681884765625,1147.44921875
2022-01-19,3478.409912109375,1676.0616455078125,1147.3583984375
2022-01-20,3400.12744140625,1637.1458740234375,1127.26953125
2022-01-21,3406.302978515625,1603.0330810546875,1127.4515380859375
2022-01-24,3351.079345703125,1559.1353759765625,1081.9730224609375
2022-01-25,3349.790283203125,1545.98388671875,1079.8572998046875
2022-01-27,3242.58544921875,1506.8887939453125,1063.863525390625
2022-01-28,3278.839599609375,1513.7113037109375,1062.8399658203125
2022-01-31,3319.890625,1558.5966796875,1085.931884765625
2022-02-01,3377.11376953125,1590.7794189453125,1082.337158203125
2022-02-02,3426.4736328125,1604.2899169921875,1084.5439453125
2022-02-03,3398.39501953125,1560.7064208984375,1070.5294189453125
2022-02-04,3389.775634765625,1562.995361328125,1060.76953125
2022-02-07,3357.876220703125,1539.5654296875,1054.3084716796875
2022-02-08,3326.287841796875,1541.630126953125,1072.031005859375
2022-02-09,3341.482177734375,1559.584228515625,1084.5211181640625
2022-02-10,3350.190185546875,1588.580322265625,1083.406494140625
2022-02-11,3283.193115234375,1545.265625,1081.2906494140625
2022-02-14,3317.669189453125,1510.12060546875,1064.068359375
2022-02-15,3392.35302734375,1560.43701171875,1100.1964111328125
2022-02-16,3388.177001953125,1555.9935302734375,1097.92138671875
2022-02-17,3362.497314453125,1548.3629150390625,1111.82177734375
2022-02-18,3371.1162109375,1532.3387451171875,1103.1312255859375
2022-02-21,3304.91796875,1553.659423828125,1091.9833984375
2022-02-22,3186.7392578125,1556.93603515625,1087.023681640625
2022-02-23,3166.657958984375,1564.56640625,1080.2213134765625
2022-02-24,3022.577392578125,1506.48486328125,1026.3931884765625
2022-02-25,3128.4052734375,1521.2520751953125,1039.224853515625
2022-02-28,3158.127685546875,1540.10400390625,1073.62353515625
2022-03-02,3150.974365234375,1528.61328125,1091.369140625
2022-03-03,3149.419677734375,1544.8170166015625,1082.1551513671875
2022-03-04,3131.6044921875,1547.016357421875,1058.1531982421875
2022-03-07,3096.550537109375,1561.873291015625,1019.022216796875
2022-03-08,3198.779296875,1596.30029296875,1017.1793212890625
2022-03-09,3227.790771484375,1627.8546142578125,1071.1436767578125
2022-03-10,3217.439208984375,1639.1209716796875,1088.50244140625
2022-03-11,3198.068603515625,1635.6199951171875,1091.6419677734375
2022-03-14,3237.031982421875,1697.292236328125,1100.605712890625
2022-03-15,3193.403076171875,1651.1502685546875,1075.398193359375
2022-03-16,3248.49462890625,1696.1253662109375,1093.55322265625
2022-03-17,3263.466796875,1664.8851318359375,1129.2032470703125
2022-03-21,3222.547607421875,1663.4937744140625,1122.69677734375
2022-03-22,3288.524658203125,1694.3299560546875,1151.70361328125
2022-03-23,3298.6982421875,1680.8643798828125,1155.3663330078125
2022-03-24,3331.975341796875,1693.701416015625,1173.316650390625
2022-03-25,3294.2998046875,1684.5897216796875,1181.1429443359375
2022-03-28,3294.522216796875,1682.2109375,1193.0189208984375
2022-03-29,3292.433837890625,1693.072998046875,1193.291748046875
2022-03-30,3315.714111328125,1709.1868896484375,1216.224365234375
2022-03-31,3323.17822265625,1711.7901611328125,1198.8428955078125
2022-04-01,3339.882568359375,1708.827880859375,1208.443603515625
2022-04-04,3350.190185546875,1690.3349609375,1212.015625
2022-04-05,3389.6865234375,1670.72021484375,1194.88427734375
2022-04-06,3336.8623046875,1641.76904296875,1191.6993408203125
2022-04-07,3273.59619140625,1625.7451171875,1170.677734375
2022-04-08,3274.92919921875,1628.9769287109375,1190.1522216796875
2022-04-11,3284.481201171875,1585.842041015625,1187.67236328125
2022-04-12,3279.771484375,1564.2071533203125,1165.3087158203125
2022-04-13,3253.8701171875,1569.68359375,1161.0313720703125
2022-04-18,3134.891845703125,1455.5401611328125,1157.4822998046875
2022-04-19,3084.99853515625,1402.2164306640625,1201.5955810546875
2022-04-20,3160.43798828125,1425.287353515625,1236.9273681640625
2022-04-21,3224.281005859375,1453.2060546875,1265.8890380859375
2022-04-22,3209.974853515625,1423.2677001953125,1255.287109375
2022-04-25,3152.79638671875,1401.408447265625,1226.2574462890625
2022-04-26,3151.1083984375,1419.272705078125,1262.9541015625
2022-04-27,3164.34765625,1393.95751953125,1264.1826171875
2022-04-28,3184.873291015625,1420.709228515625,1283.065673828125
2022-04-29,3151.46337890625,1407.1988525390625,1269.597412109375
2022-05-02,3147.642333984375,1383.3643798828125,1265.13818359375
2022-05-04,3091.974365234375,1378.4720458984375,1225.64306640625
2022-05-05,3121.8740234375,1422.998291015625,1201.6412353515625
2022-05-06,3050.078857421875,1385.0255126953125,1192.42724609375
2022-05-09,3061.18603515625,1409.712158203125,1145.8568115234375
2022-05-10,3055.54296875,1394.1370849609375,1125.9954833984375
2022-05-11,3031.773681640625,1370.5721435546875,1114.4610595703125
2022-05-12,3028.79736328125,1354.45849609375,1091.755859375
2022-05-13,3034.35107421875,1350.508544921875,1104.1322021484375
2022-05-16,3000.497314453125,1336.7735595703125,1104.4051513671875
2022-05-17,3066.961181640625,1363.121337890625,1150.793701171875
2022-05-18,3064.47314453125,1354.817626953125,1154.979736328125
2022-05-19,2898.4453125,1281.1607666015625,1128.361572265625
2022-05-20,2926.034912109375,1306.2965087890625,1194.15625
2022-05-23,2951.581298828125,1318.191162109375,1186.1710205078125
2022-05-24,2921.59228515625,1293.593994140625,1190.2431640625
2022-05-25,2833.613525390625,1266.1690673828125,1188.491455078125
2022-05-26,2886.660400390625,1278.2882080078125,1177.16162109375
2022-05-27,2917.38818359375,1311.8621826171875,1171.7015380859375
2022-05-30,3019.321533203125,1370.6171875,1212.51611328125
2022-05-31,3009.57177734375,1364.0850830078125,1197.887451171875
2022-06-01,3001.3857421875,1341.3597412109375,1198.2742919921875
2022-06-02,3062.0361328125,1368.076904296875,1239.5892333984375
2022-06-03,3077.377685546875,1380.505859375,1264.7059326171875
2022-06-06,3069.147705078125,1388.0811767578125,1259.2685546875
2022-06-07,3008.094970703125,1366.8975830078125,1261.634521484375
2022-06-08,3045.174560546875,1360.819091796875,1239.4754638671875
2022-06-09,3065.7041015625,1374.427490234375,1273.4649658203125
2022-06-10,3005.590087890625,1339.7720947265625,1235.016357421875
2022-06-13,2880.08544921875,1292.32470703125,1211.6513671875
2022-06-14,2871.98974609375,1306.8856201171875,1195.817138671875
2022-06-15,2868.18798828125,1290.238037109375,1181.3475341796875
2022-06-16,2810.66796875,1267.5576171875,1164.830810546875
2022-06-17,2763.16748046875,1258.576416015625,1178.4810791015625
2022-06-20,2784.18994140625,1282.9351806640625,1157.118408203125
2022-06-21,2873.2421875,1315.3680419921875,1175.7965087890625
2022-06-22,2883.08154296875,1303.8916015625,1140.078125
2022-06-23,2959.87890625,1317.6812744140625,1121.581787109375
2022-06-24,2945.835205078125,1307.3843994140625,1137.5528564453125
2022-06-27,2965.15673828125,1337.7760009765625,1134.1856689453125
2022-06-28,2968.242431640625,1342.8109130859375,1150.1339111328125
2022-06-29,2943.509033203125,1327.4793701171875,1173.999267578125
2022-06-30,2922.576416015625,1326.254638671875,1181.052001953125
2022-07-01,2965.51513671875,1342.1307373046875,1095.987548828125
2022-07-04,2893.906005859375,1349.9327392578125,1098.2625732421875
2022-07-05,2877.13330078125,1339.000732421875,1107.157958984375
2022-07-06,2916.89599609375,1353.2440185546875,1097.420654296875
2022-07-07,2941.138671875,1359.6397705078125,1086.6142578125
2022-07-08,2921.100341796875,1373.928466796875,1088.1158447265625
2022-07-11,2785.442626953125,1336.4605712890625,1102.9036865234375
2022-07-12,2759.4111328125,1305.116455078125,1101.333740234375
2022-07-13,2718.306396484375,1310.4237060546875,1081.81396484375
2022-07-14,2689.605712890625,1296.2711181640625,1090.732177734375
2022-07-15,2685.883056640625,1297.6319580078125,1092.847900390625
2022-07-18,2747.680419921875,1351.656494140625,1102.1529541015625
2022-07-19,2757.32177734375,1346.43994140625,1108.909912109375
2022-07-20,2838.536865234375,1374.69970703125,1138.89501953125
2022-07-21,2849.74853515625,1390.66650390625,1131.29638671875
2022-07-22,2844.09814453125,1366.5347900390625,1138.9407958984375
2022-07-25,2840.2861328125,1364.0850830078125,1101.31103515625
2022-07-26,2794.677978515625,1316.501953125,1101.8116455078125
2022-07-27,2860.108154296875,1334.555419921875,1100.76513671875
2022-07-28,2924.37109375,1376.6048583984375,1118.0101318359375
2022-07-29,2961.503173828125,1405.9078369140625,1141.829833984375
2022-08-01,2958.72314453125,1407.132568359375,1171.5877685546875
2022-08-02,2952.4443359375,1400.373779296875,1176.0467529296875
2022-08-03,2995.226806640625,1420.7860107421875,1185.920654296875
2022-08-04,3009.08447265625,1451.449951171875,1170.245361328125
2022-08-05,3018.143310546875,1466.645751953125,1153.0003662109375
2022-08-08,3026.57421875,1469.140380859375,1168.083984375
2022-08-10,3008.456298828125,1453.76318359375,1175.068603515625
2022-08-11,3069.67041015625,1469.6392822265625,1178.9815673828125
2022-08-12,3050.880126953125,1446.18798828125,1198.0465087890625
2022-08-16,3042.943115234375,1448.31982421875,1206.373291015625
2022-08-17,3050.476806640625,1457.2105712890625,1212.67529296875
2022-08-18,3032.6728515625,1436.072509765625,1214.87451171875
2022-08-19,3036.708984375,1448.9095458984375,1193.2137451171875
2022-08-22,3008.725830078125,1429.449951171875,1189.9041748046875
2022-08-23,2945.987060546875,1399.2850341796875,1208.25537109375
2022-08-24,2919.752685546875,1394.8397216796875,1205.036865234375
2022-08-25,2886.43212890625,1377.2852783203125,1201.52197265625
2022-08-26,2890.02001953125,1380.3697509765625,1195.1080322265625
2022-08-29,2809.611572265625,1326.1182861328125,1185.8184814453125
2022-08-30,2880.108642578125,1354.4232177734375,1204.2152099609375
2022-09-01,2808.849609375,1328.3409423828125,1168.8138427734375
2022-09-02,2807.683349609375,1318.18017578125,1155.1646728515625
2022-09-05,2810.374267578125,1325.710205078125,1173.10498046875
2022-09-06,2804.67919921875,1320.0853271484375,1185.4532470703125
2022-09-07,2824.904296875,1322.3988037109375,1178.56005859375
2022-09-08,2842.88720703125,1338.955322265625,1180.226318359375
2022-09-09,2885.9384765625,1371.3883056640625,1172.876953125
2022-09-12,2908.63037109375,1393.6602783203125,1186.0010986328125
2022-09-13,2896.4326171875,1401.598388671875,1195.906982421875
2022-09-14,2798.714111328125,1338.5018310546875,1181.572998046875
2022-09-15,2784.319091796875,1299.854736328125,1169.864013671875
2022-09-16,2698.529052734375,1249.2774658203125,1140.87646484375
2022-09-19,2716.557861328125,1261.298095703125,1142.3599853515625
2022-09-20,2726.872314453125,1259.7105712890625,1142.54248046875
2022-09-21,2691.802490234375,1249.4588623046875,1145.6923828125
2022-09-22,2697.36328125,1241.021728515625,1134.896240234375
2022-09-23,2674.626953125,1238.7537841796875,1113.62353515625
2022-09-26,2685.70361328125,1252.1806640625,1085.252197265625
2022-09-27,2706.376953125,1264.246337890625,1093.880126953125
2022-09-28,2722.701416015625,1265.2896728515625,1064.7554931640625
2022-09-29,2688.3046875,1268.873291015625,1061.49169921875
2022-09-30,2694.8076171875,1282.300048828125,1085.434814453125
2022-10-03,2677.227783203125,1264.4278564453125,1081.6688232421875
2022-10-04,2772.47998046875,1296.77001953125,1101.61767578125
2022-10-06,2782.165771484375,1320.130859375,1105.680419921875
2022-10-07,2748.935791015625,1316.5472412109375,1110.359619140625
2022-10-10,2797.0546875,1326.9346923828125,1098.239501953125
2022-10-11,2753.1064453125,1291.6898193359375,1076.373291015625
2022-10-12,2781.09033203125,1296.135009765625,1084.2935791015625
2022-10-13,2783.376953125,1288.151611328125,1087.7401123046875
2022-10-14,2779.654541015625,1337.4583740234375,1082.2164306640625
2022-10-17,2798.17919921875,1351.701904296875,1099.586181640625
2022-10-18,2827.80908203125,1364.1759033203125,1118.9873046875
2022-10-19,2807.26171875,1347.619384765625,1138.4569091796875
2022-10-20,2839.138916015625,1361.6358642578125,1141.5155029296875
2022-10-21,2821.24462890625,1361.27294921875,1128.2769775390625
2022-10-24,2843.095458984375,1377.0130615234375,1132.0430908203125
2022-10-25,2843.45556640625,1384.6790771484375,1114.559326171875
2022-10-27,2839.22900390625,1397.65625,1118.941650390625
2022-10-28,2844.48974609375,1387.843017578125,1153.178955078125
2022-10-31,2871.376708984375,1410.2210693359375,1163.8839111328125
2022-11-01,2931.22021484375,1442.6414794921875,1154.8680419921875
2022-11-02,2915.034423828125,1424.573974609375,1162.08056640625
2022-11-03,2883.606201171875,1403.8927001953125,1166.417236328125
2022-11-04,2893.182861328125,1388.53076171875,1183.5816650390625
2022-11-07,2907.840576171875,1382.5235595703125,1189.9041748046875
2022-11-09,2891.96923828125,1385.962890625,1188.71728515625
2022-11-10,2882.61669921875,1377.4794921875,1174.3375244140625
2022-11-11,2981.80224609375,1439.981689453125,1201.407958984375
2022-11-14,2999.382080078125,1453.922119140625,1195.58740234375
2022-11-15,2996.7744140625,1461.901123046875,1190.2237548828125
2022-11-16,3017.231689453125,1469.971923828125,1183.3990478515625
2022-11-17,3011.521240234375,1455.84814453125,1186.4576416015625
2022-11-18,3006.53076171875,1461.350830078125,1185.8184814453125
2022-11-21,2952.621826171875,1438.239013671875,1164.477294921875
2022-11-22,2980.90234375,1453.69287109375,1170.9366455078125
2022-11-23,2974.922607421875,1451.9503173828125,1167.28466796875
2022-11-24,3039.531982421875,1494.7342529296875,1177.3504638671875
2022-11-25,3048.074951171875,1500.099365234375,1194.925537109375
2022-11-28,3053.11083984375,1488.8646240234375,1235.9874267578125
2022-11-29,3054.999267578125,1494.04638671875,1238.110107421875
2022-11-30,3049.109130859375,1499.4573974609375,1246.85205078125
2022-12-01,3125.408935546875,1519.7718505859375,1243.1771240234375
2022-12-02,3092.587646484375,1502.1629638671875,1242.6522216796875
2022-12-05,3080.67236328125,1503.8597412109375,1224.5294189453125
2022-12-06,3044.208251953125,1479.234619140625,1228.067138671875
2022-12-07,3039.937255859375,1472.4478759765625,1209.9442138671875
2022-12-08,3012.91552734375,1485.884033203125,1209.37353515625
2022-12-09,2960.93994140625,1439.2481689453125,1191.04541015625
2022-12-12,2955.274658203125,1418.9793701171875,1192.871337890625
2022-12-13,2996.32470703125,1441.8619384765625,1198.3037109375
2022-12-14,3026.22412109375,1448.510986328125,1193.9669189453125
2022-12-15,2972.045654296875,1412.8348388671875,1177.0079345703125
2022-12-16,2913.72998046875,1396.05126953125,1171.1876220703125
2022-12-19,2879.37939453125,1382.43212890625,1186.5716552734375
2022-12-20,2917.05712890625,1382.38623046875,1196.8428955078125
2022-12-21,2939.17822265625,1384.44970703125,1179.8155517578125
2022-12-22,2931.22021484375,1395.913818359375,1176.7569580078125
2022-12-23,2903.029541015625,1373.031494140625,1142.245849609375
2022-12-26,2925.105712890625,1377.892333984375,1152.22021484375
2022-12-27,2931.040283203125,1389.310302734375,1161.6468505859375
2022-12-28,2928.882568359375,1385.0,1161.5328369140625
2022-12-29,2939.3583984375,1391.78662109375,1161.0079345703125
2022-12-30,2928.522705078125,1383.2115478515625,1162.7880859375
2023-01-02,2932.794189453125,1397.7022705078125,1175.8896484375
2023-01-03,2977.666015625,1396.3724365234375,1167.28466796875
2023-01-04,2980.6328125,1370.9219970703125,1149.7095947265625
2023-01-05,2977.4404296875,1352.9462890625,1147.6551513671875
2023-01-06,2887.92236328125,1328.4591064453125,1158.0863037109375
2023-01-09,2985.39892578125,1361.4296875,1185.4302978515625
2023-01-10,2955.229736328125,1347.947998046875,1167.9010009765625
2023-01-11,2993.26708984375,1349.32373046875,1153.178955078125
2023-01-12,2998.347900390625,1357.89892578125,1128.2769775390625
2023-01-13,3034.4970703125,1379.0386962890625,1126.4510498046875
2023-01-16,3066.225341796875,1399.0777587890625,1115.7232666015625
2023-01-17,3107.012939453125,1411.91748046875,1131.5638427734375
2023-01-18,3117.681640625,1417.3287353515625,1129.692138671875
2023-01-19,3102.138671875,1411.367431640625,1128.482421875
2023-01-20,3092.94189453125,1399.123779296875,1115.0615234375
2023-01-23,3140.580322265625,1419.71337890625,1109.4237060546875
2023-01-24,3160.26171875,1423.2900390625,1102.873046875
2023-01-25,3154.23779296875,1415.1275634765625,1087.6258544921875
2023-01-27,3137.0400390625,1393.2540283203125,1066.992431640625
2023-01-30,3157.824462890625,1411.275634765625,1077.218017578125
2023-01-31,3088.895263671875,1406.644287109375,1074.524658203125
2023-02-01,3134.557373046875,1422.556396484375,1068.1566162109375
2023-02-02,3182.426025390625,1452.5006103515625,1062.244873046875
2023-02-03,3202.566650390625,1466.853515625,1063.1805419921875
2023-02-06,3182.011474609375,1439.7525634765625,1055.1690673828125
2023-02-07,3193.599853515625,1432.9197998046875,1052.6356201171875
2023-02-08,3237.329833984375,1458.691162109375,1073.6572265625
2023-02-09,3256.413818359375,1482.9951171875,1075.5289306640625
2023-02-10,3253.378662109375,1475.245361328125,1066.6728515625
2023-02-13,3202.65869140625,1437.55126953125,1060.6014404296875
2023-02-14,3218.936767578125,1461.213134765625,1085.5946044921875
2023-02-15,3237.835693359375,1464.6983642578125,1110.1768798828125
2023-02-16,3272.231689453125,1469.0545654296875,1109.3095703125
2023-02-17,3219.902587890625,1452.54638671875,1113.9429931640625
2023-02-20,3207.165283203125,1460.4796142578125,1102.16552734375
2023-02-21,3173.781005859375,1448.6029052734375,1111.1585693359375
2023-02-22,3128.302978515625,1432.36962890625,1085.9598388671875
2023-02-23,3139.5693359375,1422.1893310546875,1080.755615234375
2023-02-24,3127.291259765625,1422.1434326171875,1088.1510009765625
2023-02-27,3064.20263671875,1384.2205810546875,1080.91552734375
2023-02-28,3046.728759765625,1364.2728271484375,1060.2362060546875
2023-03-01,3113.726318359375,1372.0684814453125,1069.982421875
2023-03-02,3054.6376953125,1350.149169921875,1061.833984375
2023-03-03,3073.674560546875,1356.7066650390625,1088.927001953125
2023-03-06,3100.9892578125,1382.5235595703125,1099.5633544921875
2023-03-08,3118.049072265625,1368.995849609375,1103.51220703125
2023-03-09,3068.800537109375,1357.7154541015625,1076.9896240234375
2023-03-10,3063.42041015625,1349.5989990234375,1060.3046875
2023-03-13,3018.31103515625,1316.1695556640625,1042.8665771484375
2023-03-14,2956.693115234375,1302.32080078125,1038.9635009765625
2023-03-15,2941.932373046875,1301.9998779296875,1021.2057495117188
2023-03-16,2929.148681640625,1287.738525390625,1016.1157836914062
2023-03-17,2923.90673828125,1302.962890625,1014.8377075195312
2023-03-20,2890.79833984375,1287.325927734375,1004.8631591796875
2023-03-21,2856.586669921875,1275.4490966796875,1036.1103515625
2023-03-22,2879.30224609375,1274.1192626953125,1039.26025390625
2023-03-23,2873.646240234375,1260.6375732421875,1026.11328125
2023-03-24,2869.829833984375,1266.23193359375,1005.7990112304688
2023-03-27,2871.48583984375,1273.8441162109375,1021.4339599609375
2023-03-28,2865.599609375,1263.434814453125,1026.2044677734375
2023-03-29,2886.751953125,1268.8916015625,1020.133056640625
2023-03-31,2948.3701171875,1309.6121826171875,1064.116455078125
2023-04-03,2942.944091796875,1293.92919921875,1064.299072265625
2023-04-05,2979.547119140625,1305.5765380859375,1061.7427978515625
2023-04-06,2961.98046875,1304.0635986328125,1068.8638916015625
2023-04-10,3001.2509765625,1309.2911376953125,1061.2861328125
2023-04-11,2955.63525390625,1289.6187744140625,1066.535888671875
2023-04-12,2981.248046875,1309.9332275390625,1071.2379150390625
2023-04-13,2932.689697265625,1274.0731201171875,1075.27783203125
2023-04-17,2887.30419921875,1154.021484375,1080.73291015625
2023-04-18,2879.2568359375,1154.984375,1068.3619384765625
2023-04-19,2841.412841796875,1130.0843505859375,1073.6800537109375
2023-04-20,2855.391357421875,1122.013671875,1070.9638671875
2023-04-21,2906.938720703125,1125.6363525390625,1072.3106689453125
2023-04-24,2919.7685546875,1124.67333984375,1076.4190673828125
2023-04-25,2920.871826171875,1123.389404296875,1084.65869140625
2023-04-26,2941.24267578125,1125.8197021484375,1078.290771484375
2023-04-27,2931.86181640625,1142.969970703125,1085.115234375
2023-04-28,2960.647216796875,1148.9312744140625,1104.949951171875
2023-05-02,2960.78515625,1171.584228515625,1114.3310546875
2023-05-03,2924.45849609375,1163.9722900390625,1104.767333984375
2023-05-04,2961.98046875,1168.0078125,1117.5037841796875
2023-05-05,2971.177734375,1154.7548828125,1114.6505126953125
2023-05-08,2989.4794921875,1160.7164306640625,1128.4139404296875
2023-05-09,3019.50634765625,1165.3936767578125,1131.9061279296875
2023-05-10,3022.77099609375,1158.561279296875,1139.6895751953125
2023-05-11,3018.49462890625,1152.0037841796875,1132.24853515625
2023-05-12,3011.275390625,1142.0069580078125,1134.097412109375
2023-05-15,2993.57177734375,1154.0673828125,1136.3341064453125
2023-05-16,2996.4228515625,1159.5242919921875,1120.1514892578125
2023-05-17,2950.94482421875,1143.566162109375,1113.5323486328125
2023-05-18,2942.805908203125,1142.7406005859375,1111.1356201171875
2023-05-19,2963.958251953125,1163.7430419921875,1114.741943359375
2023-05-22,3033.71533203125,1185.662353515625,1120.69921875
2023-05-23,3032.19775390625,1192.3114013671875,1120.49365234375
2023-05-24,3037.991943359375,1191.027587890625,1113.9656982421875
2023-05-25,3028.9326171875,1196.255126953125,1113.828857421875
2023-05-26,3061.4892578125,1208.2694091796875,1144.2088623046875
2023-05-29,3053.62646484375,1205.4722900390625,1150.6453857421875
2023-05-30,3049.809326171875,1214.1390380859375,1150.3486328125
2023-05-31,3025.25390625,1209.049072265625,1127.5009765625
2023-06-01,3056.982666015625,1210.149658203125,1124.465087890625
2023-06-02,3040.061279296875,1207.3614501953125,1120.7904052734375
2023-06-05,3024.702392578125,1212.4732666015625,1130.8563232421875
2023-06-06,2972.64892578125,1188.7720947265625,1131.8148193359375
2023-06-07,3011.826904296875,1198.0201416015625,1140.3970947265625
2023-06-08,2976.466064453125,1192.3040771484375,1141.081787109375
2023-06-09,2951.496826171875,1176.642578125,1133.001708984375
2023-06-12,2986.075927734375,1200.80859375,1134.0059814453125
2023-06-13,2983.13330078125,1212.7984619140625,1150.759521484375
2023-06-14,2989.89306640625,1208.6624755859375,1164.910888671875
2023-06-15,2979.9326171875,1196.02197265625,1165.23046875
2023-06-16,2941.57568359375,1200.52978515625,1176.5745849609375
2023-06-19,2974.46630859375,1202.7138671875,1164.88818359375
2023-06-20,2990.494873046875,1211.4508056640625,1167.3074951171875
2023-06-21,3018.75341796875,1207.6866455078125,1170.5943603515625
2023-06-22,3000.501220703125,1191.1422119140625,1157.4471435546875
2023-06-23,2979.979736328125,1175.759765625,1147.9749755859375
2023-06-26,2955.241455078125,1180.732421875,1139.210205078125
2023-06-27,2962.375732421875,1188.91162109375,1139.62109375
2023-06-28,2979.1455078125,1202.10986328125,1154.708251953125
2023-06-30,3059.566162109375,1241.2862548828125,1164.180419921875
2023-07-03,3031.817138671875,1239.61328125,1194.058349609375
2023-07-04,3065.681640625,1250.255615234375,1181.7557373046875
2023-07-05,3075.965576171875,1252.25390625,1179.8155517578125
2023-07-06,3078.69873046875,1249.09375,1204.5804443359375
2023-07-07,3084.58203125,1236.3602294921875,1202.2294921875
2023-07-10,3031.4931640625,1235.3843994140625,1248.5411376953125
2023-07-11,3031.91015625,1253.462158203125,1262.076171875
2023-07-12,3020.32861328125,1239.2415771484375,1263.468505859375
2023-07-13,3095.0517578125,1268.798095703125,1252.170166015625
2023-07-14,3256.35693359375,1325.35546875,1251.120361328125
2023-07-17,3235.09326171875,1322.567138671875,1276.6842041015625
2023-07-18,3239.864990234375,1371.1309814453125,1287.52587890625
2023-07-19,3215.035400390625,1370.8988037109375,1297.294921875
2023-07-20,3217.124755859375,1347.244140625,1295.723876953125
2023-07-21,3128.8779296875,1237.661376953125,1255.6134033203125
2023-07-24,3153.447509765625,1242.3087158203125,1230.2166748046875
2023-07-25,3157.534423828125,1240.44970703125,1229.425537109375
2023-07-26,3147.4560546875,1253.6944580078125,1249.4063720703125
2023-07-27,3155.4443359375,1257.6912841796875,1237.7838134765625
2023-07-28,3116.89453125,1245.9337158203125,1250.2225341796875
2023-07-31,3178.24951171875,1260.0611572265625,1260.8065185546875
2023-08-01,3206.674560546875,1268.89111328125,1242.9769287109375
2023-08-02,3196.084716796875,1261.130126953125,1229.697509765625
2023-08-03,3158.27734375,1268.0546875,1224.5291748046875
2023-08-04,3198.779052734375,1281.113525390625,1241.1717529296875
2023-08-07,3236.39990234375,1294.7298583984375,1248.244384765625
2023-08-08,3223.906005859375,1292.12744140625,1240.7265625
2023-08-09,3216.3818359375,1296.03125,1248.911865234375
2023-08-10,3197.431640625,1291.1051025390625,1254.475830078125
2023-08-11,3203.655517578125,1275.0718994140625,1259.767822265625
2023-08-14,3204.630859375,1295.2410888671875,1274.6546630859375
2023-08-16,3212.5732421875,1318.43115234375,1273.6160888671875
2023-08-17,3191.533203125,1311.971435546875,1255.2425537109375
2023-08-18,3127.76318359375,1290.8262939453125,1264.5406494140625
2023-08-21,3159.857177734375,1306.255126953125,1250.74267578125
2023-08-22,3141.743408203125,1304.7215576171875,1250.44482421875
2023-08-23,3156.698486328125,1308.6253662109375,1251.8345947265625
2023-08-24,3146.944580078125,1323.171142578125,1230.7904052734375
2023-08-25,3140.95361328125,1319.918212890625,1225.1075439453125
2023-08-28,3135.612060546875,1315.7821044921875,1212.8978271484375
2023-08-29,3136.16943359375,1317.64111328125,1201.2838134765625
2023-08-30,3149.91748046875,1333.9066162109375,1200.1422119140625
2023-08-31,3118.195068359375,1334.1854248046875,1194.65771484375
2023-09-01,3139.0029296875,1341.9927978515625,1197.4619140625
2023-09-04,3175.509033203125,1361.74365234375,1196.494140625
2023-09-05,3185.588134765625,1374.5701904296875,1202.8968505859375
2023-09-06,3186.0986328125,1373.2222900390625,1205.4281005859375
2023-09-07,3209.647216796875,1362.765869140625,1207.06591796875
2023-09-08,3197.245849609375,1365.9261474609375,1215.1064453125
2023-09-11,3233.2412109375,1372.292724609375,1228.20947265625
2023-09-12,3326.27294921875,1395.2041015625,1210.4659423828125
2023-09-13,3314.2431640625,1392.64794921875,1216.52099609375
2023-09-14,3306.99755859375,1400.6412353515625,1217.6376953125
2023-09-15,3342.529052734375,1404.9632568359375,1219.8961181640625
2023-09-18,3349.820556640625,1386.5601806640625,1209.274658203125
2023-09-20,3349.72802734375,1385.1195068359375,1182.323974609375
2023-09-21,3330.453125,1395.80810546875,1173.712890625
2023-09-22,3347.49853515625,1390.603271484375,1168.8240966796875
2023-09-25,3322.882080078125,1370.1552734375,1161.6273193359375
2023-09-26,3330.824462890625,1357.6075439453125,1162.6446533203125
2023-09-27,3334.168701171875,1363.5096435546875,1175.7476806640625
2023-09-28,3285.354248046875,1337.903076171875,1158.4755859375
2023-09-29,3277.783447265625,1334.1854248046875,1163.8856201171875
2023-10-03,3264.08154296875,1332.837646484375,1150.55908203125
2023-10-04,3286.282958984375,1342.4573974609375,1148.5738525390625
2023-10-05,3334.215087890625,1360.2100830078125,1148.549072265625
2023-10-06,3363.986572265625,1374.3841552734375,1150.4847412109375
2023-10-09,3379.731689453125,1371.363525390625,1140.6822509765625
2023-10-10,3370.95361328125,1389.673583984375,1145.719970703125
2023-10-11,3353.30419921875,1388.9765625,1163.910400390625
2023-10-12,3290.741455078125,1362.1153564453125,1166.0693359375
2023-10-13,3317.0302734375,1330.1885986328125,1166.0198974609375
2023-10-16,3273.556884765625,1332.97705078125,1163.4140625
2023-10-17,3257.76513671875,1340.6915283203125,1168.972900390625
2023-10-18,3239.3720703125,1338.925537109375,1153.4627685546875
2023-10-19,3218.324462890625,1332.5123291015625,1144.603271484375
2023-10-20,3254.553466796875,1326.563720703125,1141.104248046875
2023-10-23,3175.94921875,1309.2760009765625,1123.2861328125
2023-10-25,3157.27685546875,1289.88134765625,1120.6802978515625
2023-10-26,3107.590087890625,1279.901611328125,1105.0709228515625
2023-10-27,3120.81494140625,1299.57861328125,1124.5765380859375
2023-10-30,3146.51953125,1296.4718017578125,1147.7548828125
2023-10-31,3137.392333984375,1288.327880859375,1135.5452880859375
2023-11-01,3101.909423828125,1274.9117431640625,1140.2603759765625
2023-11-02,3129.336669921875,1289.975341796875,1151.57666015625
2023-11-03,3120.7685546875,1307.76953125,1151.3284912109375
2023-11-06,3148.102783203125,1321.185791015625,1160.9075927734375
2023-11-07,3138.975341796875,1322.127197265625,1153.3634033203125
2023-11-08,3149.313720703125,1309.60546875,1159.368896484375
2023-11-09,3117.55517578125,1294.353515625,1146.787109375
2023-11-10,3104.516845703125,1288.75146484375,1148.946044921875
2023-11-13,3102.7470703125,1293.1763916015625,1148.7972412109375
2023-11-15,3170.501220703125,1327.96435546875,1169.5684814453125
2023-11-16,3257.62646484375,1360.3514404296875,1171.6778564453125
2023-11-17,3261.91064453125,1353.4315185546875,1169.121826171875
2023-11-20,3277.883056640625,1352.537109375,1166.044677734375
2023-11-21,3269.128173828125,1354.796630859375,1180.7109375
2023-11-22,3287.707763671875,1372.49658203125,1185.326904296875
2023-11-23,3267.312255859375,1364.4468994140625,1188.9500732421875
2023-11-24,3219.675048828125,1353.2904052734375,1188.1558837890625
2023-11-28,3231.828857421875,1358.280029296875,1188.404052734375
2023-11-29,3272.4345703125,1374.1912841796875,1191.5308837890625
2023-11-30,3248.080322265625,1370.0015869140625,1179.9913330078125
2023-12-01,3270.478515625,1367.3184814453125,1188.3544921875
2023-12-04,3271.2236328125,1378.6632080078125,1201.209228515625
2023-12-05,3289.05859375,1368.871826171875,1209.9197998046875
2023-12-06,3356.5791015625,1388.0311279296875,1221.5091552734375
2023-12-07,3366.637451171875,1380.1226806640625,1219.4990234375
2023-12-08,3377.62744140625,1403.895263671875,1218.853759765625
2023-12-11,3392.71435546875,1401.400146484375,1220.6405029296875
2023-12-12,3419.908935546875,1389.6788330078125,1203.1202392578125
2023-12-13,3346.75390625,1364.2115478515625,1208.03369140625
2023-12-14,3415.392578125,1413.5924072265625,1223.0228271484375
2023-12-15,3595.83642578125,1486.039794921875,1238.6324462890625
2023-12-18,3594.159423828125,1472.811767578125,1251.239013671875
2023-12-19,3554.112548828125,1467.115966796875,1269.6527099609375
2023-12-20,3520.445068359375,1446.497314453125,1254.2913818359375
2023-12-21,3527.383544921875,1446.1207275390625,1271.8614501953125
2023-12-22,3561.376953125,1471.44677734375,1273.1021728515625
2023-12-26,3534.880859375,1453.60546875,1279.554443359375
2023-12-27,3549.456787109375,1475.40087890625,1283.922119140625
2023-12-28,3538.932373046875,1471.2113037109375,1293.203369140625
2023-12-29,3532.878662109375,1452.616943359375,1282.9791259765625
